fold,model_id,family,train_start,train_end,validation_start,validation_end,observations,positives,negatives,positive_rate,average_precision,baseline_average_precision,roc_auc,brier_score,log_loss,calibration_intercept,calibration_slope,expected_calibration_error,threshold,precision,recall,f1,f2,specificity,balanced_accuracy,matthews_correlation_coefficient,accuracy_with_warning,top_1pct_alerts,top_1pct_false_alerts,top_1pct_precision,top_1pct_recall,top_5pct_alerts,top_5pct_false_alerts,top_5pct_precision,top_5pct_recall,top_10pct_alerts,top_10pct_false_alerts,top_10pct_precision,top_10pct_recall
1,hist_gradient_boosting__1,hist_gradient_boosting,2001-03-31,2006-12-31,2007-03-31,2008-12-31,64974,403,64571,0.006202480992396959,0.16507003752639493,0.006202480992396959,0.8988980256906884,0.0627962795030345,0.27320406676840236,-3.850127493282116,1.8402023473765614,0.2218172537102238,0.6456344610099345,0.14133165829145727,0.5583126550868487,0.22556390977443608,0.351123595505618,0.9788295055055675,0.768571080296208,0.2727759140300178,0.9762212577338628,652,550,0.15644171779141106,0.2531017369727047,3252,3026,0.06949569495694957,0.5607940446650124,6501,6203,0.04583910167666513,0.739454094292804
1,hist_gradient_boosting__2,hist_gradient_boosting,2001-03-31,2006-12-31,2007-03-31,2008-12-31,64974,403,64571,0.006202480992396959,0.052757700690687095,0.006202480992396959,0.8836481879853493,0.045906577784327184,0.22769681690662086,-3.7254745906647053,1.0586839153240353,0.18461827403048617,0.2061972134050178,0.06958473625140292,0.6153846153846154,0.12503150995714646,0.23956723338485317,0.9486456768518375,0.7820151461182265,0.19448464209612748,0.946578631452581,652,626,0.03987730061349693,0.06451612903225806,3252,3118,0.04120541205412054,0.3325062034739454,6501,6220,0.04322411936625135,0.6972704714640199
1,logistic__1,logistic,2001-03-31,2006-12-31,2007-03-31,2008-12-31,64974,403,64571,0.006202480992396959,0.2362537297872194,0.006202480992396959,0.9217604465863323,0.08632214395548969,0.48831369860873436,-5.25111884978299,0.26673765867497135,0.1300598688005589,0.999885476062809,0.24046610169491525,0.5632754342431762,0.3370452858203415,0.4440532081377152,0.9888959439996283,0.7760856891214023,0.3622992395152288,0.9862560408778897,652,508,0.22085889570552147,0.3573200992555831,3252,2965,0.08825338253382534,0.7121588089330024,6501,6176,0.049992308875557605,0.8064516129032258
1,prevalence_baseline__1,prevalence_baseline,2001-03-31,2006-12-31,2007-03-31,2008-12-31,64974,403,64571,0.006202480992396959,0.006202480992396959,0.006202480992396959,0.5,0.006198959667841854,0.050797599832010626,-0.07542267247763294,0.6141677885683178,0.005911805638376315,0.0002906753540206434,0.006202480992396959,1.0,0.012328494730562736,0.0302616165560328,0.0,0.5,0.0,0.006202480992396959,652,652,0.0,0.0,3252,3251,0.0003075030750307503,0.0024813895781637717,6501,6492,0.0013844023996308261,0.022332506203473945
1,random_forest__1,random_forest,2001-03-31,2006-12-31,2007-03-31,2008-12-31,64974,403,64571,0.006202480992396959,0.3132129073566891,0.006202480992396959,0.9531966716154066,0.006511327303730694,0.03635318524517667,-1.1319562225519266,1.3074659055588287,0.018726887392954552,0.3259849821863656,0.30173564753004006,0.5607940446650124,0.3923611111111111,0.4786107581533249,0.9919003887193941,0.7763472166922032,0.40650267178461524,0.9892264598146951,652,512,0.2147239263803681,0.34739454094292804,3252,2943,0.09501845018450185,0.7667493796526055,6501,6156,0.053068758652515,0.8560794044665012
1,random_forest__2,random_forest,2001-03-31,2006-12-31,2007-03-31,2008-12-31,64974,403,64571,0.006202480992396959,0.35208661617384746,0.006202480992396959,0.956366744699018,0.005229891240282871,0.02954252573546147,-0.8498715356874887,1.113863674212245,0.008792775816754929,0.18771451677895346,0.2571976967370441,0.6650124069478908,0.37093425605536334,0.5048982667671439,0.9880131947778414,0.8265128008628662,0.4081393630498341,0.9860097885307969,652,497,0.23773006134969324,0.38461538461538464,3252,2930,0.0990159901599016,0.7990074441687345,6501,6151,0.05383787109675434,0.8684863523573201
1,regularized_logistic__1,regularized_logistic,2001-03-31,2006-12-31,2007-03-31,2008-12-31,64974,403,64571,0.006202480992396959,0.012655603079429064,0.006202480992396959,0.7510819547974448,0.45566056276688904,16.415916447405326,-6.00220528088613,0.09043552956960224,0.4556697919602079,1.0,0.012922398824629358,0.9602977667493796,0.0255016309182564,0.06131178707224334,0.5421938641185672,0.7512458154339734,0.07914453433861365,0.5447871456274818,652,652,0.0,0.0,3252,3244,0.0024600246002460025,0.019851116625310174,6501,6474,0.004153207198892478,0.06699751861042183
1,regularized_logistic__2,regularized_logistic,2001-03-31,2006-12-31,2007-03-31,2008-12-31,64974,403,64571,0.006202480992396959,0.027307031017602738,0.006202480992396959,0.8677298611377179,0.21251675464354397,7.407818574915798,-5.586579048147505,0.10892975294244443,0.21285524295537053,1.0,0.028359114346375492,0.9280397022332506,0.05503642116106247,0.12635135135135134,0.8015517802109307,0.8647957412220906,0.14241488440742794,0.8023363191430418,652,650,0.003067484662576687,0.004962779156327543,3252,3214,0.011685116851168511,0.09429280397022333,6501,6407,0.014459313951699738,0.23325062034739455
1,regularized_logistic__3,regularized_logistic,2001-03-31,2006-12-31,2007-03-31,2008-12-31,64974,403,64571,0.006202480992396959,0.02327298564548347,0.006202480992396959,0.8516888309569633,0.24101206224748462,8.585538638558381,-5.656327243067862,0.10540651197922911,0.2411463630799871,1.0,0.02417343480207201,0.9379652605459057,0.04713216957605985,0.10957156936634008,0.7636864846448096,0.8508258725953577,0.12886346409536564,0.7647674454397143,652,650,0.003067484662576687,0.004962779156327543,3252,3222,0.00922509225092251,0.07444168734491315,6501,6426,0.011536686663590217,0.18610421836228289
1,rule_score__1,rule_score,2001-03-31,2006-12-31,2007-03-31,2008-12-31,64974,403,64571,0.006202480992396959,0.265633404020114,0.006202480992396959,0.9525591177011643,0.29960270767828073,0.8023967173461207,-5.516619846098752,1.1324901609245126,0.5382167775077049,0.7544157406497138,0.2495201535508637,0.6451612903225806,0.35986159169550175,0.4898266767143934,0.9878893001502222,0.8165252952364015,0.3956550311214392,0.9857635361837043,652,497,0.23773006134969324,0.38461538461538464,3252,2938,0.0965559655596556,0.7791563275434243,6501,6149,0.05414551607445008,0.8734491315136477
2,hist_gradient_boosting__1,hist_gradient_boosting,2001-03-31,2008-12-31,2009-03-31,2010-12-31,62053,1127,60926,0.01816189386492192,0.43611006714431405,0.01816189386492192,0.9754821994336972,0.09562901397378949,0.3159647949361479,-5.816350269988895,1.4563813273086361,0.14969329609258014,0.9484796521232716,0.3399401645474944,0.8065661047027507,0.47829518547750594,0.6328320802005013,0.9710304303581394,0.8887982675304451,0.5113525978587045,0.9680434467310203,625,290,0.536,0.2972493345164153,3105,2150,0.3075684380032206,0.8473824312333629,6208,5126,0.17429123711340205,0.9600709849157054
2,hist_gradient_boosting__2,hist_gradient_boosting,2001-03-31,2008-12-31,2009-03-31,2010-12-31,62053,1127,60926,0.01816189386492192,0.4415130509154561,0.01816189386492192,0.9755045620822516,0.07867798834530369,0.2643901032938107,-5.24040850014048,1.5192333211700186,0.13981971567632961,0.9203656652834892,0.3485177151120752,0.8553682342502218,0.49524788081171334,0.6626340390431674,0.9704231362636642,0.912895685256943,0.5343524511440775,0.968333521344657,625,302,0.5168,0.28660159716060335,3105,2117,0.3181964573268921,0.8766637089618456,6208,5135,0.17284149484536082,0.9520851818988465
2,logistic__1,logistic,2001-03-31,2008-12-31,2009-03-31,2010-12-31,62053,1127,60926,0.01816189386492192,0.47955703830993723,0.01816189386492192,0.9717728906794023,0.10580540546926911,0.48286924981676643,-4.5855551456706145,0.4266260758591636,0.1751741991467035,0.989190527706182,0.3453488372093023,0.7905944986690329,0.4807121661721068,0.6285270880361173,0.9722778452548994,0.8814361719619661,0.5103232863674001,0.968978131597183,625,256,0.5904,0.32741792369121564,3105,2162,0.3037037037037037,0.8367346938775511,6208,5140,0.1720360824742268,0.9476486246672582
2,prevalence_baseline__1,prevalence_baseline,2001-03-31,2008-12-31,2009-03-31,2010-12-31,62053,1127,60926,0.01816189386492192,0.01816189386492192,0.01816189386492192,0.5,0.018098317880744008,0.11615745078413195,-0.09824235219891414,0.618342417853114,0.01631803923830248,0.0018438546266194382,0.01816189386492192,1.0,0.0356758467869579,0.08465918480792055,0.0,0.5,0.0,0.01816189386492192,625,617,0.0128,0.00709849157054126,3105,3087,0.005797101449275362,0.015971606033717833,6208,6172,0.005798969072164949,0.03194321206743567
2,random_forest__1,random_forest,2001-03-31,2008-12-31,2009-03-31,2010-12-31,62053,1127,60926,0.01816189386492192,0.49742804683596037,0.01816189386492192,0.9740183307016139,0.056057405370111016,0.19719618914711404,-3.728277307737992,0.9748742829191647,0.11243443878457669,0.7745305857150533,0.3176430748391466,0.8322981366459627,0.4598039215686274,0.628602064066479,0.9669270918819551,0.8996126142639589,0.5013107430922266,0.9644819750858138,625,252,0.5968,0.33096716947648624,3105,2162,0.3037037037037037,0.8367346938775511,6208,5142,0.1717139175257732,0.9458740017746229
2,random_forest__2,random_forest,2001-03-31,2008-12-31,2009-03-31,2010-12-31,62053,1127,60926,0.01816189386492192,0.5410403299931023,0.01816189386492192,0.9766281704825215,0.04216295506976969,0.14583507558510347,-3.294731299579483,0.9118515005444021,0.07931913704265926,0.7783964879850539,0.37233597994149603,0.7905944986690329,0.50625,0.6455586146935227,0.9753471424350851,0.882970820552059,0.5311852392992786,0.9719916845277424,625,226,0.6384,0.35403726708074534,3105,2142,0.3101449275362319,0.8544809228039042,6208,5131,0.17348582474226804,0.9556344276841171
2,regularized_logistic__1,regularized_logistic,2001-03-31,2008-12-31,2009-03-31,2010-12-31,62053,1127,60926,0.01816189386492192,0.03005171788106198,0.01816189386492192,0.6992327026479035,0.565023024909557,20.361400826807696,-5.108881502811234,0.0893297754740466,0.5650329888384157,1.0,0.0303768725943566,0.9733806566104702,0.05891514500537057,0.13502867974692892,0.4252699996717329,0.6993253281411016,0.10792921160630961,0.4352247272492869,625,614,0.0176,0.009760425909494233,3105,3074,0.00998389694041868,0.027506654835847383,6208,6146,0.009987113402061855,0.055013309671694766
2,regularized_logistic__2,regularized_logistic,2001-03-31,2008-12-31,2009-03-31,2010-12-31,62053,1127,60926,0.01816189386492192,0.08093841521380546,0.01816189386492192,0.8855565937248675,0.25077021082395456,8.070311973064987,-5.179886279695505,0.1417262225977678,0.2521786435846655,1.0,0.08223708937833571,0.9707187222715173,0.15162855162855163,0.307113581494582,0.7996093621770672,0.8851640422242923,0.25065531447442957,0.8027170322143974,625,599,0.0416,0.023070097604259095,3105,2957,0.04766505636070854,0.1313220940550133,6208,5834,0.06024484536082474,0.3318544809228039
2,regularized_logistic__3,regularized_logistic,2001-03-31,2008-12-31,2009-03-31,2010-12-31,62053,1127,60926,0.01816189386492192,0.14879554568168993,0.01816189386492192,0.9383431996474639,0.11186164443113458,3.787178472159043,-4.581175235897231,0.1508207942569804,0.11223634197134684,1.0,0.15163819658359004,0.9609582963620231,0.26194219373563915,0.4648068669527897,0.9005514886911992,0.9307548925266111,0.3604822675879408,0.9016485907208354,625,570,0.088,0.048802129547471165,3105,2691,0.13333333333333333,0.3673469387755102,6208,5290,0.1478737113402062,0.8145519077196096
2,rule_score__1,rule_score,2001-03-31,2008-12-31,2009-03-31,2010-12-31,62053,1127,60926,0.01816189386492192,0.4150254938593884,0.01816189386492192,0.971060999683646,0.2587047835872572,0.7193713221633069,-5.064641142606194,2.2576691640060043,0.49130311590029896,0.7402334273031613,0.3535311324697033,0.7506654835847383,0.48068181818181815,0.6129546442544559,0.974608541509372,0.8626370125470552,0.5029819974558564,0.9705413114595588,625,293,0.5312,0.29458740017746227,3105,2187,0.2956521739130435,0.8145519077196096,6208,5153,0.16994201030927836,0.9361135758651287
3,hist_gradient_boosting__1,hist_gradient_boosting,2001-03-31,2010-12-31,2011-03-31,2013-12-31,83536,477,83059,0.005710113005171423,0.6787627041435523,0.005710113005171423,0.9930045559036954,0.020078568524187525,0.07597869148999474,-5.283605160669285,1.0766470320424197,0.033450044478757476,0.9539010196676353,0.38235294117647056,0.8721174004192872,0.531629392971246,0.6942590120160214,0.9919093656316594,0.9320133830254733,0.5742159142461531,0.9912253399731852,841,468,0.44351961950059454,0.7819706498951782,4184,3715,0.11209369024856597,0.9832285115303984,8359,7887,0.05646608445986362,0.989517819706499
3,hist_gradient_boosting__2,hist_gradient_boosting,2001-03-31,2010-12-31,2011-03-31,2013-12-31,83536,477,83059,0.005710113005171423,0.587689343441826,0.005710113005171423,0.9913972142204084,0.017104502579802776,0.06837709214514559,-4.573697884786275,0.9805039733171953,0.03171632892107916,0.9574636893617698,0.40083073727933544,0.8092243186582809,0.5361111111111111,0.6722396377568791,0.9930531309069457,0.9011387247826133,0.5662978965313487,0.9920034476153994,841,487,0.42092746730083236,0.7421383647798742,4184,3714,0.11233269598470363,0.9853249475890985,8359,7887,0.05646608445986362,0.989517819706499
3,logistic__1,logistic,2001-03-31,2010-12-31,2011-03-31,2013-12-31,83536,477,83059,0.005710113005171423,0.5786366292426994,0.005710113005171423,0.9906519684183982,0.01825190759692567,0.07369863069507963,-4.153559969360305,0.7354560186204481,0.03771502371152485,0.8762161704674324,0.3639705882352941,0.8301886792452831,0.5060702875399361,0.6608811748998665,0.9916685729421255,0.9109286260937043,0.5461908496209681,0.9907465045010534,841,517,0.38525564803804996,0.6792452830188679,4184,3717,0.11161567877629062,0.9790356394129979,8359,7887,0.05646608445986362,0.989517819706499
3,prevalence_baseline__1,prevalence_baseline,2001-03-31,2010-12-31,2011-03-31,2013-12-31,83536,477,83059,0.005710113005171423,0.005710113005171423,0.005710113005171423,0.5,0.0056778593985852615,0.03522275670944705,-0.17936530118503738,0.9452653541986691,0.0005931137712666974,0.005116999233904726,0.005710113005171423,1.0,0.011355385476057276,0.027913019053415103,0.0,0.5,0.0,0.005710113005171423,841,841,0.0,0.0,4184,4170,0.0033460803059273425,0.029350104821802937,8359,8339,0.002392630697451848,0.041928721174004195
3,random_forest__1,random_forest,2001-03-31,2010-12-31,2011-03-31,2013-12-31,83536,477,83059,0.005710113005171423,0.5405756887631077,0.005710113005171423,0.9903611494069925,0.01903614035154356,0.08207928712047755,-4.125324962316041,1.1151835413951354,0.054781816215685473,0.8472430668026067,0.37383177570093457,0.7547169811320755,0.5,0.6269592476489029,0.9927401004105515,0.8737285407713136,0.527602231939135,0.991380961501628,841,530,0.3697978596908442,0.6519916142557652,4184,3721,0.11065965583173996,0.9706498951781971,8359,7888,0.056346452924991026,0.9874213836477987
3,random_forest__2,random_forest,2001-03-31,2010-12-31,2011-03-31,2013-12-31,83536,477,83059,0.005710113005171423,0.5757899215635124,0.005710113005171423,0.9922513215391863,0.01384020004824774,0.05429973793356265,-3.59318520120104,1.063337286607828,0.033939257654371356,0.7904798099309622,0.3842159916926272,0.7756813417190775,0.5138888888888888,0.6443747823058168,0.9928604967553185,0.884270919237198,0.5424851798592172,0.991620379237694,841,520,0.3816884661117717,0.6729559748427673,4184,3718,0.11137667304015296,0.9769392033542977,8359,7888,0.056346452924991026,0.9874213836477987
3,regularized_logistic__1,regularized_logistic,2001-03-31,2010-12-31,2011-03-31,2013-12-31,83536,477,83059,0.005710113005171423,0.21273123797257018,0.005710113005171423,0.9717963864084591,0.019312852133192258,0.6837122986592635,-4.435927717049331,0.1718677849654779,0.01932453629196805,1.0,0.2229625832906202,0.9119496855345912,0.35831960461285006,0.5636175174915782,0.981747914133327,0.9468487998339591,0.4458711131237373,0.9813493583604673,841,660,0.21521997621878716,0.37945492662473795,4184,3739,0.10635755258126195,0.9329140461215933,8359,7899,0.055030506041392514,0.9643605870020965
3,regularized_logistic__2,regularized_logistic,2001-03-31,2010-12-31,2011-03-31,2013-12-31,83536,477,83059,0.005710113005171423,0.20962373833259407,0.005710113005171423,0.9821231494078506,0.02813465556565871,0.8505850743127737,-4.91186003586619,0.18487583018905596,0.02833461307106748,1.0,0.2163771712158809,0.9140461215932913,0.34991974317817015,0.5556971705327556,0.980989417161295,0.9475177693772932,0.4395624082256196,0.980607163378663,841,670,0.20332936979785968,0.3584905660377358,4184,3721,0.11065965583173996,0.9706498951781971,8359,7888,0.056346452924991026,0.9874213836477987
3,regularized_logistic__3,regularized_logistic,2001-03-31,2010-12-31,2011-03-31,2013-12-31,83536,477,83059,0.005710113005171423,0.13850833218133016,0.005710113005171423,0.8784462223223758,0.0169301806266635,0.3997838334000257,-3.5664636272716885,0.11868245523395177,0.017205690877143406,0.7704247627755613,0.1530993278566094,0.429769392033543,0.22577092511013216,0.3156760086233446,0.9863470545034253,0.7080582232684841,0.24966010431401522,0.9831689331545681,841,688,0.18192627824019025,0.32075471698113206,4184,3879,0.07289674952198853,0.639412997903564,8359,8000,0.04294772101926068,0.7526205450733753
3,rule_score__1,rule_score,2001-03-31,2010-12-31,2011-03-31,2013-12-31,83536,477,83059,0.005710113005171423,0.28284488681510084,0.005710113005171423,0.9839340795433157,0.20843565224336744,0.609864412620235,-5.791967454984826,3.444648573287183,0.4478224642624991,0.6731489598316105,0.22138364779874214,0.7379454926624738,0.3405902273826802,0.5031446540880503,0.9850949325178487,0.8615202125901613,0.3987059126069462,0.9836836812871097,841,618,0.26516052318668254,0.46750524109014674,4184,3737,0.10683556405353728,0.9371069182389937,8359,7892,0.055867926785500656,0.9790356394129979
