file,line,phrase,context,status
src/dashboard/language.py,11,probability of failure,"""probability of failure"", ""failure probability"", ""probability of default"", ""will fail"",",ALLOWED_CONTROL_DEFINITION
src/dashboard/language.py,11,failure probability,"""probability of failure"", ""failure probability"", ""probability of default"", ""will fail"",",ALLOWED_CONTROL_DEFINITION
src/dashboard/language.py,11,probability of default,"""probability of failure"", ""failure probability"", ""probability of default"", ""will fail"",",ALLOWED_CONTROL_DEFINITION
src/dashboard/language.py,11,will fail,"""probability of failure"", ""failure probability"", ""probability of default"", ""will fail"",",ALLOWED_CONTROL_DEFINITION
src/dashboard/language.py,12,likely to fail,"""likely to fail"", ""official camels"", ""regulatory rating"", ""safe bank"", ""unsafe bank"",",ALLOWED_CONTROL_DEFINITION
src/dashboard/language.py,12,official camels,"""likely to fail"", ""official camels"", ""regulatory rating"", ""safe bank"", ""unsafe bank"",",ALLOWED_CONTROL_DEFINITION
src/dashboard/language.py,12,regulatory rating,"""likely to fail"", ""official camels"", ""regulatory rating"", ""safe bank"", ""unsafe bank"",",ALLOWED_CONTROL_DEFINITION
src/dashboard/language.py,12,safe bank,"""likely to fail"", ""official camels"", ""regulatory rating"", ""safe bank"", ""unsafe bank"",",ALLOWED_CONTROL_DEFINITION
src/dashboard/language.py,12,unsafe bank,"""likely to fail"", ""official camels"", ""regulatory rating"", ""safe bank"", ""unsafe bank"",",ALLOWED_CONTROL_DEFINITION
src/dashboard/language.py,13,guaranteed,"""guaranteed"", ""predicts failure with certainty"", ""investment recommendation"",",ALLOWED_CONTROL_DEFINITION
src/dashboard/language.py,13,predicts failure with certainty,"""guaranteed"", ""predicts failure with certainty"", ""investment recommendation"",",ALLOWED_CONTROL_DEFINITION
src/dashboard/language.py,13,investment recommendation,"""guaranteed"", ""predicts failure with certainty"", ""investment recommendation"",",ALLOWED_CONTROL_DEFINITION
configs/dashboard_disclaimers.yaml,1,will fail,"{""bank_detail"":""An elevated ranking indicates stronger public-data risk indicators relative to peers. It does not mean that the institution will fail."",""configuration_hash"":""e0a0191ad707ba07586be1c87123ef56265b886c7f72dded22b62cd33dc31486"",""driver_heading"":""Factors associated with the institution's model ranking"",""persistent"":""This platform ranks institutions relative to other eligible banks in the same reporting quarter using public FDIC data. Scores are not calibrated failure probabilities, official CAMELS ratings, regulatory determinations, or investment recommendations."",""ranking_interpretation"":""An elevated ranking indicates stronger public-data risk indicators relative to other eligible institutions in the same reporting quarter. It does not mean that the institution will fail."",""version"":""phase6-disclaimers-v1""}",ALLOWED_NEGATED_EXPLANATION
configs/dashboard_disclaimers.yaml,1,official camels,"{""bank_detail"":""An elevated ranking indicates stronger public-data risk indicators relative to peers. It does not mean that the institution will fail."",""configuration_hash"":""e0a0191ad707ba07586be1c87123ef56265b886c7f72dded22b62cd33dc31486"",""driver_heading"":""Factors associated with the institution's model ranking"",""persistent"":""This platform ranks institutions relative to other eligible banks in the same reporting quarter using public FDIC data. Scores are not calibrated failure probabilities, official CAMELS ratings, regulatory determinations, or investment recommendations."",""ranking_interpretation"":""An elevated ranking indicates stronger public-data risk indicators relative to other eligible institutions in the same reporting quarter. It does not mean that the institution will fail."",""version"":""phase6-disclaimers-v1""}",ALLOWED_NEGATED_EXPLANATION
configs/dashboard_disclaimers.yaml,1,investment recommendation,"{""bank_detail"":""An elevated ranking indicates stronger public-data risk indicators relative to peers. It does not mean that the institution will fail."",""configuration_hash"":""e0a0191ad707ba07586be1c87123ef56265b886c7f72dded22b62cd33dc31486"",""driver_heading"":""Factors associated with the institution's model ranking"",""persistent"":""This platform ranks institutions relative to other eligible banks in the same reporting quarter using public FDIC data. Scores are not calibrated failure probabilities, official CAMELS ratings, regulatory determinations, or investment recommendations."",""ranking_interpretation"":""An elevated ranking indicates stronger public-data risk indicators relative to other eligible institutions in the same reporting quarter. It does not mean that the institution will fail."",""version"":""phase6-disclaimers-v1""}",ALLOWED_NEGATED_EXPLANATION
configs/dashboard_risk_tiers.yaml,1,will fail,"{""configuration_hash"":""b27662cceb5e3a648413c95ce8dd102cf6c190ebd173c63c02adf1b1f091314a"",""limitations"":""Tiers are relative same-quarter rankings and do not represent calibrated event likelihoods."",""percentile_scale"":""0_to_100_same_quarter"",""primary_monitoring_budget"":0.05,""tie_method"":""shared percentile and shared rank; CERT ascending breaks ties only at fixed alert-budget cutoff"",""tiers"":[{""display_name"":""Low"",""interpretation"":""Below-median relative indicators"",""lower_inclusive"":0.0,""permitted_wording"":""Lower relative ranking"",""prohibited_wording"":""Safe institution"",""top_5_relationship"":""Outside top-5% monitoring"",""upper_exclusive"":50.0},{""display_name"":""Moderate"",""interpretation"":""Between median and 90th percentile"",""lower_inclusive"":50.0,""permitted_wording"":""Monitor relative indicators"",""prohibited_wording"":""Regulatory grade"",""top_5_relationship"":""Outside top-5% monitoring"",""upper_exclusive"":90.0},{""display_name"":""Elevated"",""interpretation"":""Elevated same-quarter public-data indicators"",""lower_inclusive"":90.0,""permitted_wording"":""Elevated indicators"",""prohibited_wording"":""Likely to fail"",""top_5_relationship"":""Immediately below primary monitoring cutoff"",""upper_exclusive"":95.0},{""display_name"":""High"",""interpretation"":""Top-5% relative indicators"",""lower_inclusive"":95.0,""permitted_wording"":""Top-5% review"",""prohibited_wording"":""Unsafe institution"",""top_5_relationship"":""Inside primary monitoring population"",""upper_exclusive"":99.0},{""display_name"":""Highest monitored tier"",""interpretation"":""Top-1% relative indicators"",""lower_inclusive"":99.0,""permitted_wording"":""Highest monitored ranking tier"",""prohibited_wording"":""Will fail"",""top_5_relationship"":""Inside top-1% and top-5% monitoring populations"",""upper_exclusive"":100.000001}],""version"":""phase6-risk-tiers-v1""}",ALLOWED_NEGATED_EXPLANATION
configs/dashboard_risk_tiers.yaml,1,likely to fail,"{""configuration_hash"":""b27662cceb5e3a648413c95ce8dd102cf6c190ebd173c63c02adf1b1f091314a"",""limitations"":""Tiers are relative same-quarter rankings and do not represent calibrated event likelihoods."",""percentile_scale"":""0_to_100_same_quarter"",""primary_monitoring_budget"":0.05,""tie_method"":""shared percentile and shared rank; CERT ascending breaks ties only at fixed alert-budget cutoff"",""tiers"":[{""display_name"":""Low"",""interpretation"":""Below-median relative indicators"",""lower_inclusive"":0.0,""permitted_wording"":""Lower relative ranking"",""prohibited_wording"":""Safe institution"",""top_5_relationship"":""Outside top-5% monitoring"",""upper_exclusive"":50.0},{""display_name"":""Moderate"",""interpretation"":""Between median and 90th percentile"",""lower_inclusive"":50.0,""permitted_wording"":""Monitor relative indicators"",""prohibited_wording"":""Regulatory grade"",""top_5_relationship"":""Outside top-5% monitoring"",""upper_exclusive"":90.0},{""display_name"":""Elevated"",""interpretation"":""Elevated same-quarter public-data indicators"",""lower_inclusive"":90.0,""permitted_wording"":""Elevated indicators"",""prohibited_wording"":""Likely to fail"",""top_5_relationship"":""Immediately below primary monitoring cutoff"",""upper_exclusive"":95.0},{""display_name"":""High"",""interpretation"":""Top-5% relative indicators"",""lower_inclusive"":95.0,""permitted_wording"":""Top-5% review"",""prohibited_wording"":""Unsafe institution"",""top_5_relationship"":""Inside primary monitoring population"",""upper_exclusive"":99.0},{""display_name"":""Highest monitored tier"",""interpretation"":""Top-1% relative indicators"",""lower_inclusive"":99.0,""permitted_wording"":""Highest monitored ranking tier"",""prohibited_wording"":""Will fail"",""top_5_relationship"":""Inside top-1% and top-5% monitoring populations"",""upper_exclusive"":100.000001}],""version"":""phase6-risk-tiers-v1""}",ALLOWED_NEGATED_EXPLANATION
docs/PHASE7_PUBLIC_RELEASE_READINESS.md,6,guaranteed,"2. Probability, regulatory, guaranteed-outcome, and investment claims are excluded or explicitly negated.",ALLOWED_NEGATED_EXPLANATION
src/dashboard/app_pages.py,312,guaranteed,- The platform provides no regulatory or investment advice and makes no guaranteed institution-level prediction.,ALLOWED_NEGATED_EXPLANATION
