table_name,row_count,sha256,validation_status
bank_history,228777,3fdccbe24d79a80b40996acd61a75485cc7ee789e433be3f691e24c6e6029f9c,PASS
bank_scores,228777,00082354d48e0e51dde4351f832b5bff636107fca2f10569b0aa12a0be78c7ed,PASS
current_watchlist,218,e866008d3d5b8d9b75916e636833c9e860b81e9d709a528b9666d49a15246cc4,PASS
data_quality,228777,b1400f16e0d46548d26212ca0df910fb549743844c8516870f0bba129a816d62,PASS
driver_explanations,686331,73882a4bf65954d3414d1ef6dbb09e354a0f74e8db48fbf3f60673b1d6c0bbc8,PASS
failure_case_studies,8,57d742cb8d88bed36a4e986c2844f8c257ae5148351bebd4b0f20c6ee9ac6808,PASS
metadata,17,e6efa9b533708fd473469d33d2ff2e3330748c264c9d20bfacb25325965bd07f,PASS
model_validation,180,940f07d4943bd07e04ae11e43d0644f56c1f6210b6c2a3a451c0de39b0a02486,PASS
peer_comparisons,1595945,a602f8f969772ac3a3d4b36f27b1b11f2115b5bb634bcc69802da78275b2deaf,PASS
