outcome_name,metric,lower_95,median,upper_95,bootstrap_unit
failure_4q,average_precision,0.03529019096627392,0.15134350849880807,0.3164004921930181,institution
failure_4q,roc_auc,0.6594026127718475,0.801810028568362,0.9350753501822745,institution
failure_4q,brier_score,0.00042709025242641314,0.0005979319338470329,0.0008420647099026864,institution
failure_8q,average_precision,0.04234930507021597,0.18040768147749264,0.38316074553963475,institution
failure_8q,roc_auc,0.5994879494770258,0.761109401710109,0.9212154148018844,institution
failure_8q,brier_score,0.0006070926018603975,0.0010088697056351856,0.001513383824642186,institution
deterioration_4q,average_precision,0.48572571688299326,0.5053524333929273,0.5214804886738562,institution
deterioration_4q,roc_auc,0.8268705266251128,0.8351467321523796,0.8441305004072255,institution
deterioration_4q,brier_score,0.055473751897376536,0.0577919179384684,0.060212653271801336,institution
failure_4q,capture_top_1pct,0.35294117647058826,0.5882352941176471,0.8235294117647058,unique_failure_event
failure_4q,capture_top_5pct,0.35294117647058826,0.5882352941176471,0.8235294117647058,unique_failure_event
failure_4q,capture_top_10pct,0.47058823529411764,0.7058823529411765,0.9411764705882353,unique_failure_event
