feature_name,importance_mean,importance_std,importance_type,model_id
equity_to_assets,0.26821407918414225,0.08951086506622273,permutation_average_precision,hist_gradient_boosting__1
equity_change_yoy_pct,0.04799561036919214,0.03752145301433627,permutation_average_precision,hist_gradient_boosting__1
equity_change_qoq_pct,0.04047804047804049,0.0,permutation_average_precision,hist_gradient_boosting__1
total_asset_growth_qoq_pct,0.036109252230178544,0.0020761623145468446,permutation_average_precision,hist_gradient_boosting__1
return_on_equity,0.034527406001776506,0.0,permutation_average_precision,hist_gradient_boosting__1
equity_to_assets_volatility_8q,0.03427034508280654,0.0004771737402342016,permutation_average_precision,hist_gradient_boosting__1
total_loan_growth_yoy_pct,0.03341068882428858,0.0036398025293290534,permutation_average_precision,hist_gradient_boosting__1
loans_to_deposits,0.021354503914570167,0.02059103855988318,permutation_average_precision,hist_gradient_boosting__1
past_due_30_89_to_total_loans,0.017153228972499084,0.0037763569691940365,permutation_average_precision,hist_gradient_boosting__1
roa_volatility_8q,0.016306931309091333,0.005095403016936996,permutation_average_precision,hist_gradient_boosting__1
deposits_to_total_assets,0.010776570278893671,0.016994000535183705,permutation_average_precision,hist_gradient_boosting__1
noncurrent_ratio_slope_8q,0.009589287673055261,0.0025502815965991904,permutation_average_precision,hist_gradient_boosting__1
funding_cost_change_yoy_pp,0.008639219130902228,0.01887388520576378,permutation_average_precision,hist_gradient_boosting__1
net_income_to_average_assets,0.0045342392794492925,0.0004465749533829819,permutation_average_precision,hist_gradient_boosting__1
net_chargeoffs_to_average_loans,0.002538905769114271,0.0002579345817864252,permutation_average_precision,hist_gradient_boosting__1
noncurrent_assets_to_total_loans,0.002257371257656534,0.003232221202000228,permutation_average_precision,hist_gradient_boosting__1
nonaccrual_assets_to_total_loans,0.0020990872604579325,0.00018960141890497545,permutation_average_precision,hist_gradient_boosting__1
equity_to_assets_change_qoq_pp,0.0015147069410635188,0.00041550949793525433,permutation_average_precision,hist_gradient_boosting__1
funding_cost,0.0008632513836056935,0.0030237124926259886,permutation_average_precision,hist_gradient_boosting__1
noncurrent_ratio_change_qoq_pp,0.0005947067463314415,0.000597921392381605,permutation_average_precision,hist_gradient_boosting__1
fhlb_advances_to_total_assets,0.00034074452679100364,0.0002409427655461199,permutation_average_precision,hist_gradient_boosting__1
deposit_growth_yoy_pct,0.00013361942322842602,0.00027069962674646636,permutation_average_precision,hist_gradient_boosting__1
funding_cost_change_qoq_pp,0.0001317901131970093,0.0052514672560284035,permutation_average_precision,hist_gradient_boosting__1
net_interest_margin,3.6234101088254235e-05,0.00021022967735933424,permutation_average_precision,hist_gradient_boosting__1
estimated_deposit_outflow_pct,0.0,0.0,permutation_average_precision,hist_gradient_boosting__1
consecutive_loss_quarters,0.0,0.0,permutation_average_precision,hist_gradient_boosting__1
equity_growth_yoy_pct,0.0,0.0,permutation_average_precision,hist_gradient_boosting__1
return_on_assets,-0.00011244793170002894,0.0006350367213650682,permutation_average_precision,hist_gradient_boosting__1
concentration_change_yoy,-0.0003290226744248799,0.0007436638542286549,permutation_average_precision,hist_gradient_boosting__1
efficiency_ratio,-0.0003688612856452463,0.00391361350293691,permutation_average_precision,hist_gradient_boosting__1
past_due_90_plus_to_total_loans,-0.0005561636290553803,0.00020019408318931294,permutation_average_precision,hist_gradient_boosting__1
equity_to_assets_change_yoy_pp,-0.0006744933453186978,0.001271865622409434,permutation_average_precision,hist_gradient_boosting__1
total_asset_growth_yoy_pct,-0.0007323765810584767,0.0005426166180361378,permutation_average_precision,hist_gradient_boosting__1
roa_change_qoq_pp,-0.000931720794487186,0.0005165510856793917,permutation_average_precision,hist_gradient_boosting__1
loan_concentration_hhi,-0.0013181134369181595,0.0012285097378850376,permutation_average_precision,hist_gradient_boosting__1
noncurrent_ratio_change_yoy_pp,-0.0015557077098850014,0.0005387885341772777,permutation_average_precision,hist_gradient_boosting__1
deposit_growth_qoq_pct,-0.0018765665336467618,0.0,permutation_average_precision,hist_gradient_boosting__1
loan_growth_minus_deposit_growth,-0.002002475331271477,0.0036673806818625946,permutation_average_precision,hist_gradient_boosting__1
total_loan_growth_qoq_pct,-0.0020235181862468346,0.0004332762139623176,permutation_average_precision,hist_gradient_boosting__1
noninterest_expense_to_average_assets,-0.002604065952482304,0.001066526065138077,permutation_average_precision,hist_gradient_boosting__1
noncurrent_ratio_volatility_8q,-0.002813921068995473,0.0011358009288898272,permutation_average_precision,hist_gradient_boosting__1
roa_change_yoy_pp,-0.0059846101988095075,0.0048349181619593866,permutation_average_precision,hist_gradient_boosting__1
largest_reported_loan_category_share,-0.006356937191091427,0.00058081680147852,permutation_average_precision,hist_gradient_boosting__1
liquid_assets_to_total_assets,-0.012169490483175283,0.0052388624267179235,permutation_average_precision,hist_gradient_boosting__1
roa_mean_8q,-0.022679614325067116,0.002840273626780946,permutation_average_precision,hist_gradient_boosting__1
net_interest_income_to_average_assets,-0.025556908502006093,0.02143965836369224,permutation_average_precision,hist_gradient_boosting__1
equity_to_assets_slope_8q,-0.028954650317692916,0.0019083336926809652,permutation_average_precision,hist_gradient_boosting__1
