file,field,data_type,data_class,description
dashboard_demo_case_studies.parquet,case_role,str,synthetic institution record,See dashboard methodology and source schema; no field is an official CAMELS rating or calibrated failure probability.
dashboard_demo_case_studies.parquet,selection_status,str,synthetic institution record,See dashboard methodology and source schema; no field is an official CAMELS rating or calibrated failure probability.
dashboard_demo_case_studies.parquet,selection_rationale,str,synthetic institution record,See dashboard methodology and source schema; no field is an official CAMELS rating or calibrated failure probability.
dashboard_demo_case_studies.parquet,cert,int64,synthetic institution record,See dashboard methodology and source schema; no field is an official CAMELS rating or calibrated failure probability.
dashboard_demo_case_studies.parquet,rssdid,int64,synthetic institution record,See dashboard methodology and source schema; no field is an official CAMELS rating or calibrated failure probability.
dashboard_demo_case_studies.parquet,bank_name,str,synthetic institution record,See dashboard methodology and source schema; no field is an official CAMELS rating or calibrated failure probability.
dashboard_demo_case_studies.parquet,state,str,synthetic institution record,See dashboard methodology and source schema; no field is an official CAMELS rating or calibrated failure probability.
dashboard_demo_case_studies.parquet,reporting_date,datetime64[us],synthetic institution record,See dashboard methodology and source schema; no field is an official CAMELS rating or calibrated failure probability.
dashboard_demo_case_studies.parquet,failure_date,datetime64[us],synthetic institution record,See dashboard methodology and source schema; no field is an official CAMELS rating or calibrated failure probability.
dashboard_demo_case_studies.parquet,first_top_5_alert_date,datetime64[us],synthetic institution record,See dashboard methodology and source schema; no field is an official CAMELS rating or calibrated failure probability.
dashboard_demo_case_studies.parquet,lead_days_top_5,float64,synthetic institution record,See dashboard methodology and source schema; no field is an official CAMELS rating or calibrated failure probability.
dashboard_demo_case_studies.parquet,same_quarter_percentile,float64,synthetic institution record,See dashboard methodology and source schema; no field is an official CAMELS rating or calibrated failure probability.
dashboard_demo_case_studies.parquet,same_quarter_rank,int64,synthetic institution record,See dashboard methodology and source schema; no field is an official CAMELS rating or calibrated failure probability.
dashboard_demo_case_studies.parquet,asset_size_band,str,synthetic institution record,See dashboard methodology and source schema; no field is an official CAMELS rating or calibrated failure probability.
dashboard_demo_case_studies.parquet,risk_tier,str,synthetic institution record,See dashboard methodology and source schema; no field is an official CAMELS rating or calibrated failure probability.
dashboard_demo_case_studies.parquet,captured_top_1,bool,synthetic institution record,See dashboard methodology and source schema; no field is an official CAMELS rating or calibrated failure probability.
dashboard_demo_case_studies.parquet,captured_top_5,bool,synthetic institution record,See dashboard methodology and source schema; no field is an official CAMELS rating or calibrated failure probability.
dashboard_demo_case_studies.parquet,captured_top_10,bool,synthetic institution record,See dashboard methodology and source schema; no field is an official CAMELS rating or calibrated failure probability.
dashboard_demo_case_studies.parquet,historical_outcome,int64,synthetic institution record,See dashboard methodology and source schema; no field is an official CAMELS rating or calibrated failure probability.
dashboard_demo_case_studies.parquet,dashboard_build_run_id,str,synthetic institution record,See dashboard methodology and source schema; no field is an official CAMELS rating or calibrated failure probability.
dashboard_demo_case_studies.parquet,dashboard_configuration_hash,str,synthetic institution record,See dashboard methodology and source schema; no field is an official CAMELS rating or calibrated failure probability.
dashboard_demo_case_studies.parquet,frozen_model_version,str,synthetic institution record,See dashboard methodology and source schema; no field is an official CAMELS rating or calibrated failure probability.
dashboard_demo_case_studies.parquet,prediction_source_hash,str,synthetic institution record,See dashboard methodology and source schema; no field is an official CAMELS rating or calibrated failure probability.
dashboard_demo_case_studies.parquet,source_lineage,str,synthetic institution record,See dashboard methodology and source schema; no field is an official CAMELS rating or calibrated failure probability.
dashboard_demo_case_studies.parquet,build_timestamp,str,synthetic institution record,See dashboard methodology and source schema; no field is an official CAMELS rating or calibrated failure probability.
dashboard_demo_case_studies.parquet,validation_status,str,synthetic institution record,See dashboard methodology and source schema; no field is an official CAMELS rating or calibrated failure probability.
dashboard_demo_drivers.parquet,cert,int64,synthetic institution record,See dashboard methodology and source schema; no field is an official CAMELS rating or calibrated failure probability.
dashboard_demo_drivers.parquet,rssdid,int64,synthetic institution record,See dashboard methodology and source schema; no field is an official CAMELS rating or calibrated failure probability.
dashboard_demo_drivers.parquet,reporting_date,datetime64[us],synthetic institution record,See dashboard methodology and source schema; no field is an official CAMELS rating or calibrated failure probability.
dashboard_demo_drivers.parquet,driver_rank,int64,synthetic institution record,See dashboard methodology and source schema; no field is an official CAMELS rating or calibrated failure probability.
dashboard_demo_drivers.parquet,feature_name,str,synthetic institution record,See dashboard methodology and source schema; no field is an official CAMELS rating or calibrated failure probability.
dashboard_demo_drivers.parquet,score_delta,float64,synthetic institution record,See dashboard methodology and source schema; no field is an official CAMELS rating or calibrated failure probability.
dashboard_demo_drivers.parquet,driver_direction,str,synthetic institution record,See dashboard methodology and source schema; no field is an official CAMELS rating or calibrated failure probability.
dashboard_demo_drivers.parquet,current_feature_value,float64,synthetic institution record,See dashboard methodology and source schema; no field is an official CAMELS rating or calibrated failure probability.
dashboard_demo_drivers.parquet,training_median_reference,float64,synthetic institution record,See dashboard methodology and source schema; no field is an official CAMELS rating or calibrated failure probability.
dashboard_demo_drivers.parquet,explanation_method,str,synthetic institution record,See dashboard methodology and source schema; no field is an official CAMELS rating or calibrated failure probability.
dashboard_demo_drivers.parquet,final_peer_group_id,str,synthetic institution record,See dashboard methodology and source schema; no field is an official CAMELS rating or calibrated failure probability.
dashboard_demo_drivers.parquet,peer_group_method,str,synthetic institution record,See dashboard methodology and source schema; no field is an official CAMELS rating or calibrated failure probability.
dashboard_demo_drivers.parquet,peer_count,int64,synthetic institution record,See dashboard methodology and source schema; no field is an official CAMELS rating or calibrated failure probability.
dashboard_demo_drivers.parquet,peer_median,float64,synthetic institution record,See dashboard methodology and source schema; no field is an official CAMELS rating or calibrated failure probability.
dashboard_demo_drivers.parquet,peer_p25,float64,synthetic institution record,See dashboard methodology and source schema; no field is an official CAMELS rating or calibrated failure probability.
dashboard_demo_drivers.parquet,peer_p75,float64,synthetic institution record,See dashboard methodology and source schema; no field is an official CAMELS rating or calibrated failure probability.
dashboard_demo_drivers.parquet,bank_percentile,float64,synthetic institution record,See dashboard methodology and source schema; no field is an official CAMELS rating or calibrated failure probability.
dashboard_demo_drivers.parquet,risk_direction_adjusted_percentile,float64,synthetic institution record,See dashboard methodology and source schema; no field is an official CAMELS rating or calibrated failure probability.
dashboard_demo_drivers.parquet,difference_from_peer_median,float64,synthetic institution record,See dashboard methodology and source schema; no field is an official CAMELS rating or calibrated failure probability.
dashboard_demo_drivers.parquet,peer_feature_count_too_small,bool,synthetic institution record,See dashboard methodology and source schema; no field is an official CAMELS rating or calibrated failure probability.
dashboard_demo_drivers.parquet,peer_comparison_warning,str,synthetic institution record,See dashboard methodology and source schema; no field is an official CAMELS rating or calibrated failure probability.
dashboard_demo_drivers.parquet,dashboard_build_run_id,str,synthetic institution record,See dashboard methodology and source schema; no field is an official CAMELS rating or calibrated failure probability.
dashboard_demo_drivers.parquet,dashboard_configuration_hash,str,synthetic institution record,See dashboard methodology and source schema; no field is an official CAMELS rating or calibrated failure probability.
dashboard_demo_drivers.parquet,frozen_model_version,str,synthetic institution record,See dashboard methodology and source schema; no field is an official CAMELS rating or calibrated failure probability.
dashboard_demo_drivers.parquet,prediction_source_hash,str,synthetic institution record,See dashboard methodology and source schema; no field is an official CAMELS rating or calibrated failure probability.
dashboard_demo_drivers.parquet,source_lineage,str,synthetic institution record,See dashboard methodology and source schema; no field is an official CAMELS rating or calibrated failure probability.
dashboard_demo_drivers.parquet,build_timestamp,str,synthetic institution record,See dashboard methodology and source schema; no field is an official CAMELS rating or calibrated failure probability.
dashboard_demo_drivers.parquet,validation_status,str,synthetic institution record,See dashboard methodology and source schema; no field is an official CAMELS rating or calibrated failure probability.
dashboard_demo_history.parquet,cert,int64,synthetic institution record,See dashboard methodology and source schema; no field is an official CAMELS rating or calibrated failure probability.
dashboard_demo_history.parquet,rssdid,int64,synthetic institution record,See dashboard methodology and source schema; no field is an official CAMELS rating or calibrated failure probability.
dashboard_demo_history.parquet,bank_name,str,synthetic institution record,See dashboard methodology and source schema; no field is an official CAMELS rating or calibrated failure probability.
dashboard_demo_history.parquet,state,str,synthetic institution record,See dashboard methodology and source schema; no field is an official CAMELS rating or calibrated failure probability.
dashboard_demo_history.parquet,reporting_date,datetime64[us],synthetic institution record,See dashboard methodology and source schema; no field is an official CAMELS rating or calibrated failure probability.
dashboard_demo_history.parquet,asset_size_band,str,synthetic institution record,See dashboard methodology and source schema; no field is an official CAMELS rating or calibrated failure probability.
dashboard_demo_history.parquet,bank_class,str,synthetic institution record,See dashboard methodology and source schema; no field is an official CAMELS rating or calibrated failure probability.
dashboard_demo_history.parquet,model_score,float64,synthetic institution record,See dashboard methodology and source schema; no field is an official CAMELS rating or calibrated failure probability.
dashboard_demo_history.parquet,same_quarter_percentile,float64,synthetic institution record,See dashboard methodology and source schema; no field is an official CAMELS rating or calibrated failure probability.
dashboard_demo_history.parquet,same_quarter_rank,int64,synthetic institution record,See dashboard methodology and source schema; no field is an official CAMELS rating or calibrated failure probability.
dashboard_demo_history.parquet,scored_population,int64,synthetic institution record,See dashboard methodology and source schema; no field is an official CAMELS rating or calibrated failure probability.
dashboard_demo_history.parquet,risk_tier,str,synthetic institution record,See dashboard methodology and source schema; no field is an official CAMELS rating or calibrated failure probability.
dashboard_demo_history.parquet,top_1_percent_flag,bool,synthetic institution record,See dashboard methodology and source schema; no field is an official CAMELS rating or calibrated failure probability.
dashboard_demo_history.parquet,top_5_percent_flag,bool,synthetic institution record,See dashboard methodology and source schema; no field is an official CAMELS rating or calibrated failure probability.
dashboard_demo_history.parquet,top_10_percent_flag,bool,synthetic institution record,See dashboard methodology and source schema; no field is an official CAMELS rating or calibrated failure probability.
dashboard_demo_history.parquet,prediction_split,str,synthetic institution record,See dashboard methodology and source schema; no field is an official CAMELS rating or calibrated failure probability.
dashboard_demo_history.parquet,feature_quality_status,str,synthetic institution record,See dashboard methodology and source schema; no field is an official CAMELS rating or calibrated failure probability.
dashboard_demo_history.parquet,peer_benchmark_status,str,synthetic institution record,See dashboard methodology and source schema; no field is an official CAMELS rating or calibrated failure probability.
dashboard_demo_history.parquet,equity_to_assets,float64,synthetic institution record,See dashboard methodology and source schema; no field is an official CAMELS rating or calibrated failure probability.
dashboard_demo_history.parquet,equity_change_yoy_pct,float64,synthetic institution record,See dashboard methodology and source schema; no field is an official CAMELS rating or calibrated failure probability.
dashboard_demo_history.parquet,noncurrent_assets_to_total_loans,float64,synthetic institution record,See dashboard methodology and source schema; no field is an official CAMELS rating or calibrated failure probability.
dashboard_demo_history.parquet,past_due_30_89_to_total_loans,float64,synthetic institution record,See dashboard methodology and source schema; no field is an official CAMELS rating or calibrated failure probability.
dashboard_demo_history.parquet,return_on_assets,float64,synthetic institution record,See dashboard methodology and source schema; no field is an official CAMELS rating or calibrated failure probability.
dashboard_demo_history.parquet,return_on_equity,float64,synthetic institution record,See dashboard methodology and source schema; no field is an official CAMELS rating or calibrated failure probability.
dashboard_demo_history.parquet,net_interest_margin,float64,synthetic institution record,See dashboard methodology and source schema; no field is an official CAMELS rating or calibrated failure probability.
dashboard_demo_history.parquet,efficiency_ratio,float64,synthetic institution record,See dashboard methodology and source schema; no field is an official CAMELS rating or calibrated failure probability.
dashboard_demo_history.parquet,liquid_assets_to_total_assets,float64,synthetic institution record,See dashboard methodology and source schema; no field is an official CAMELS rating or calibrated failure probability.
dashboard_demo_history.parquet,loans_to_deposits,float64,synthetic institution record,See dashboard methodology and source schema; no field is an official CAMELS rating or calibrated failure probability.
dashboard_demo_history.parquet,deposits_to_total_assets,float64,synthetic institution record,See dashboard methodology and source schema; no field is an official CAMELS rating or calibrated failure probability.
dashboard_demo_history.parquet,fhlb_advances_to_total_assets,float64,synthetic institution record,See dashboard methodology and source schema; no field is an official CAMELS rating or calibrated failure probability.
dashboard_demo_history.parquet,deposit_growth_yoy_pct,float64,synthetic institution record,See dashboard methodology and source schema; no field is an official CAMELS rating or calibrated failure probability.
dashboard_demo_history.parquet,funding_cost,float64,synthetic institution record,See dashboard methodology and source schema; no field is an official CAMELS rating or calibrated failure probability.
dashboard_demo_history.parquet,loan_concentration_hhi,float64,synthetic institution record,See dashboard methodology and source schema; no field is an official CAMELS rating or calibrated failure probability.
dashboard_demo_history.parquet,largest_reported_loan_category_share,float64,synthetic institution record,See dashboard methodology and source schema; no field is an official CAMELS rating or calibrated failure probability.
dashboard_demo_history.parquet,total_asset_growth_yoy_pct,float64,synthetic institution record,See dashboard methodology and source schema; no field is an official CAMELS rating or calibrated failure probability.
dashboard_demo_history.parquet,total_loan_growth_yoy_pct,float64,synthetic institution record,See dashboard methodology and source schema; no field is an official CAMELS rating or calibrated failure probability.
dashboard_demo_history.parquet,loan_growth_minus_deposit_growth,float64,synthetic institution record,See dashboard methodology and source schema; no field is an official CAMELS rating or calibrated failure probability.
dashboard_demo_history.parquet,dashboard_build_run_id,str,synthetic institution record,See dashboard methodology and source schema; no field is an official CAMELS rating or calibrated failure probability.
dashboard_demo_history.parquet,dashboard_configuration_hash,str,synthetic institution record,See dashboard methodology and source schema; no field is an official CAMELS rating or calibrated failure probability.
dashboard_demo_history.parquet,frozen_model_version,str,synthetic institution record,See dashboard methodology and source schema; no field is an official CAMELS rating or calibrated failure probability.
dashboard_demo_history.parquet,prediction_source_hash,str,synthetic institution record,See dashboard methodology and source schema; no field is an official CAMELS rating or calibrated failure probability.
dashboard_demo_history.parquet,source_lineage,str,synthetic institution record,See dashboard methodology and source schema; no field is an official CAMELS rating or calibrated failure probability.
dashboard_demo_history.parquet,build_timestamp,str,synthetic institution record,See dashboard methodology and source schema; no field is an official CAMELS rating or calibrated failure probability.
dashboard_demo_history.parquet,validation_status,str,synthetic institution record,See dashboard methodology and source schema; no field is an official CAMELS rating or calibrated failure probability.
dashboard_demo_metadata.parquet,metadata_key,str,synthetic institution record,See dashboard methodology and source schema; no field is an official CAMELS rating or calibrated failure probability.
dashboard_demo_metadata.parquet,metadata_value,str,synthetic institution record,See dashboard methodology and source schema; no field is an official CAMELS rating or calibrated failure probability.
dashboard_demo_metadata.parquet,category,str,synthetic institution record,See dashboard methodology and source schema; no field is an official CAMELS rating or calibrated failure probability.
dashboard_demo_metadata.parquet,dashboard_build_run_id,str,synthetic institution record,See dashboard methodology and source schema; no field is an official CAMELS rating or calibrated failure probability.
dashboard_demo_metadata.parquet,dashboard_configuration_hash,str,synthetic institution record,See dashboard methodology and source schema; no field is an official CAMELS rating or calibrated failure probability.
dashboard_demo_metadata.parquet,frozen_model_version,str,synthetic institution record,See dashboard methodology and source schema; no field is an official CAMELS rating or calibrated failure probability.
dashboard_demo_metadata.parquet,prediction_source_hash,str,synthetic institution record,See dashboard methodology and source schema; no field is an official CAMELS rating or calibrated failure probability.
dashboard_demo_metadata.parquet,source_lineage,str,synthetic institution record,See dashboard methodology and source schema; no field is an official CAMELS rating or calibrated failure probability.
dashboard_demo_metadata.parquet,build_timestamp,str,synthetic institution record,See dashboard methodology and source schema; no field is an official CAMELS rating or calibrated failure probability.
dashboard_demo_metadata.parquet,validation_status,str,synthetic institution record,See dashboard methodology and source schema; no field is an official CAMELS rating or calibrated failure probability.
dashboard_demo_peer_comparisons.parquet,cert,int64,synthetic institution record,See dashboard methodology and source schema; no field is an official CAMELS rating or calibrated failure probability.
dashboard_demo_peer_comparisons.parquet,rssdid,int64,synthetic institution record,See dashboard methodology and source schema; no field is an official CAMELS rating or calibrated failure probability.
dashboard_demo_peer_comparisons.parquet,bank_name,str,synthetic institution record,See dashboard methodology and source schema; no field is an official CAMELS rating or calibrated failure probability.
dashboard_demo_peer_comparisons.parquet,state,str,synthetic institution record,See dashboard methodology and source schema; no field is an official CAMELS rating or calibrated failure probability.
dashboard_demo_peer_comparisons.parquet,reporting_date,datetime64[us],synthetic institution record,See dashboard methodology and source schema; no field is an official CAMELS rating or calibrated failure probability.
dashboard_demo_peer_comparisons.parquet,asset_size_band,str,synthetic institution record,See dashboard methodology and source schema; no field is an official CAMELS rating or calibrated failure probability.
dashboard_demo_peer_comparisons.parquet,bank_class,str,synthetic institution record,See dashboard methodology and source schema; no field is an official CAMELS rating or calibrated failure probability.
dashboard_demo_peer_comparisons.parquet,final_peer_group_id,str,synthetic institution record,See dashboard methodology and source schema; no field is an official CAMELS rating or calibrated failure probability.
dashboard_demo_peer_comparisons.parquet,peer_group_method,str,synthetic institution record,See dashboard methodology and source schema; no field is an official CAMELS rating or calibrated failure probability.
dashboard_demo_peer_comparisons.parquet,feature_name,str,synthetic institution record,See dashboard methodology and source schema; no field is an official CAMELS rating or calibrated failure probability.
dashboard_demo_peer_comparisons.parquet,feature_value,float64,synthetic institution record,See dashboard methodology and source schema; no field is an official CAMELS rating or calibrated failure probability.
dashboard_demo_peer_comparisons.parquet,peer_count,int64,synthetic institution record,See dashboard methodology and source schema; no field is an official CAMELS rating or calibrated failure probability.
dashboard_demo_peer_comparisons.parquet,peer_mean,float64,synthetic institution record,See dashboard methodology and source schema; no field is an official CAMELS rating or calibrated failure probability.
dashboard_demo_peer_comparisons.parquet,peer_median,float64,synthetic institution record,See dashboard methodology and source schema; no field is an official CAMELS rating or calibrated failure probability.
dashboard_demo_peer_comparisons.parquet,peer_p25,float64,synthetic institution record,See dashboard methodology and source schema; no field is an official CAMELS rating or calibrated failure probability.
dashboard_demo_peer_comparisons.parquet,peer_p75,float64,synthetic institution record,See dashboard methodology and source schema; no field is an official CAMELS rating or calibrated failure probability.
dashboard_demo_peer_comparisons.parquet,bank_percentile,float64,synthetic institution record,See dashboard methodology and source schema; no field is an official CAMELS rating or calibrated failure probability.
dashboard_demo_peer_comparisons.parquet,risk_direction_adjusted_percentile,float64,synthetic institution record,See dashboard methodology and source schema; no field is an official CAMELS rating or calibrated failure probability.
dashboard_demo_peer_comparisons.parquet,difference_from_peer_median,float64,synthetic institution record,See dashboard methodology and source schema; no field is an official CAMELS rating or calibrated failure probability.
dashboard_demo_peer_comparisons.parquet,robust_z_score,float64,synthetic institution record,See dashboard methodology and source schema; no field is an official CAMELS rating or calibrated failure probability.
dashboard_demo_peer_comparisons.parquet,peer_feature_count_too_small,bool,synthetic institution record,See dashboard methodology and source schema; no field is an official CAMELS rating or calibrated failure probability.
dashboard_demo_peer_comparisons.parquet,peer_validation_status,str,synthetic institution record,See dashboard methodology and source schema; no field is an official CAMELS rating or calibrated failure probability.
dashboard_demo_peer_comparisons.parquet,dashboard_build_run_id,str,synthetic institution record,See dashboard methodology and source schema; no field is an official CAMELS rating or calibrated failure probability.
dashboard_demo_peer_comparisons.parquet,dashboard_configuration_hash,str,synthetic institution record,See dashboard methodology and source schema; no field is an official CAMELS rating or calibrated failure probability.
dashboard_demo_peer_comparisons.parquet,frozen_model_version,str,synthetic institution record,See dashboard methodology and source schema; no field is an official CAMELS rating or calibrated failure probability.
dashboard_demo_peer_comparisons.parquet,prediction_source_hash,str,synthetic institution record,See dashboard methodology and source schema; no field is an official CAMELS rating or calibrated failure probability.
dashboard_demo_peer_comparisons.parquet,source_lineage,str,synthetic institution record,See dashboard methodology and source schema; no field is an official CAMELS rating or calibrated failure probability.
dashboard_demo_peer_comparisons.parquet,build_timestamp,str,synthetic institution record,See dashboard methodology and source schema; no field is an official CAMELS rating or calibrated failure probability.
dashboard_demo_peer_comparisons.parquet,validation_status,str,synthetic institution record,See dashboard methodology and source schema; no field is an official CAMELS rating or calibrated failure probability.
dashboard_demo_quality.parquet,cert,int64,synthetic institution record,See dashboard methodology and source schema; no field is an official CAMELS rating or calibrated failure probability.
dashboard_demo_quality.parquet,rssdid,int64,synthetic institution record,See dashboard methodology and source schema; no field is an official CAMELS rating or calibrated failure probability.
dashboard_demo_quality.parquet,bank_name,str,synthetic institution record,See dashboard methodology and source schema; no field is an official CAMELS rating or calibrated failure probability.
dashboard_demo_quality.parquet,reporting_date,datetime64[us],synthetic institution record,See dashboard methodology and source schema; no field is an official CAMELS rating or calibrated failure probability.
dashboard_demo_quality.parquet,feature_quality_status,str,synthetic institution record,See dashboard methodology and source schema; no field is an official CAMELS rating or calibrated failure probability.
dashboard_demo_quality.parquet,peer_benchmark_status,str,synthetic institution record,See dashboard methodology and source schema; no field is an official CAMELS rating or calibrated failure probability.
dashboard_demo_quality.parquet,missing_numerator_count,int64,synthetic institution record,See dashboard methodology and source schema; no field is an official CAMELS rating or calibrated failure probability.
dashboard_demo_quality.parquet,denominator_exception_count,int64,synthetic institution record,See dashboard methodology and source schema; no field is an official CAMELS rating or calibrated failure probability.
dashboard_demo_quality.parquet,missing_denominator_count,int64,synthetic institution record,See dashboard methodology and source schema; no field is an official CAMELS rating or calibrated failure probability.
dashboard_demo_quality.parquet,zero_denominator_count,int64,synthetic institution record,See dashboard methodology and source schema; no field is an official CAMELS rating or calibrated failure probability.
dashboard_demo_quality.parquet,negative_denominator_count,int64,synthetic institution record,See dashboard methodology and source schema; no field is an official CAMELS rating or calibrated failure probability.
dashboard_demo_quality.parquet,insufficient_lag_history,bool,synthetic institution record,See dashboard methodology and source schema; no field is an official CAMELS rating or calibrated failure probability.
dashboard_demo_quality.parquet,peer_group_too_small,bool,synthetic institution record,See dashboard methodology and source schema; no field is an official CAMELS rating or calibrated failure probability.
dashboard_demo_quality.parquet,extreme_preserved_value,bool,synthetic institution record,See dashboard methodology and source schema; no field is an official CAMELS rating or calibrated failure probability.
dashboard_demo_quality.parquet,suspected_unit_issue,bool,synthetic institution record,See dashboard methodology and source schema; no field is an official CAMELS rating or calibrated failure probability.
dashboard_demo_quality.parquet,identifier_continuity_concern,bool,synthetic institution record,See dashboard methodology and source schema; no field is an official CAMELS rating or calibrated failure probability.
dashboard_demo_quality.parquet,source_field_quality_warning,bool,synthetic institution record,See dashboard methodology and source schema; no field is an official CAMELS rating or calibrated failure probability.
dashboard_demo_quality.parquet,data_quality_warning,str,synthetic institution record,See dashboard methodology and source schema; no field is an official CAMELS rating or calibrated failure probability.
dashboard_demo_quality.parquet,dashboard_build_run_id,str,synthetic institution record,See dashboard methodology and source schema; no field is an official CAMELS rating or calibrated failure probability.
dashboard_demo_quality.parquet,dashboard_configuration_hash,str,synthetic institution record,See dashboard methodology and source schema; no field is an official CAMELS rating or calibrated failure probability.
dashboard_demo_quality.parquet,frozen_model_version,str,synthetic institution record,See dashboard methodology and source schema; no field is an official CAMELS rating or calibrated failure probability.
dashboard_demo_quality.parquet,prediction_source_hash,str,synthetic institution record,See dashboard methodology and source schema; no field is an official CAMELS rating or calibrated failure probability.
dashboard_demo_quality.parquet,source_lineage,str,synthetic institution record,See dashboard methodology and source schema; no field is an official CAMELS rating or calibrated failure probability.
dashboard_demo_quality.parquet,build_timestamp,str,synthetic institution record,See dashboard methodology and source schema; no field is an official CAMELS rating or calibrated failure probability.
dashboard_demo_quality.parquet,validation_status,str,synthetic institution record,See dashboard methodology and source schema; no field is an official CAMELS rating or calibrated failure probability.
dashboard_demo_scores.parquet,cert,int64,synthetic institution record,See dashboard methodology and source schema; no field is an official CAMELS rating or calibrated failure probability.
dashboard_demo_scores.parquet,rssdid,int64,synthetic institution record,See dashboard methodology and source schema; no field is an official CAMELS rating or calibrated failure probability.
dashboard_demo_scores.parquet,reporting_date,datetime64[us],synthetic institution record,See dashboard methodology and source schema; no field is an official CAMELS rating or calibrated failure probability.
dashboard_demo_scores.parquet,model_score,float64,synthetic institution record,See dashboard methodology and source schema; no field is an official CAMELS rating or calibrated failure probability.
dashboard_demo_scores.parquet,historical_outcome,int64,synthetic institution record,See dashboard methodology and source schema; no field is an official CAMELS rating or calibrated failure probability.
dashboard_demo_scores.parquet,prediction_split,str,synthetic institution record,See dashboard methodology and source schema; no field is an official CAMELS rating or calibrated failure probability.
dashboard_demo_scores.parquet,asset_size_band,str,synthetic institution record,See dashboard methodology and source schema; no field is an official CAMELS rating or calibrated failure probability.
dashboard_demo_scores.parquet,bank_class,str,synthetic institution record,See dashboard methodology and source schema; no field is an official CAMELS rating or calibrated failure probability.
dashboard_demo_scores.parquet,feature_quality_status,str,synthetic institution record,See dashboard methodology and source schema; no field is an official CAMELS rating or calibrated failure probability.
dashboard_demo_scores.parquet,protocol_hash,str,synthetic institution record,See dashboard methodology and source schema; no field is an official CAMELS rating or calibrated failure probability.
dashboard_demo_scores.parquet,bank_name,str,synthetic institution record,See dashboard methodology and source schema; no field is an official CAMELS rating or calibrated failure probability.
dashboard_demo_scores.parquet,state,str,synthetic institution record,See dashboard methodology and source schema; no field is an official CAMELS rating or calibrated failure probability.
dashboard_demo_scores.parquet,final_peer_group_id,str,synthetic institution record,See dashboard methodology and source schema; no field is an official CAMELS rating or calibrated failure probability.
dashboard_demo_scores.parquet,final_peer_group_size,int64,synthetic institution record,See dashboard methodology and source schema; no field is an official CAMELS rating or calibrated failure probability.
dashboard_demo_scores.parquet,peer_group_method,str,synthetic institution record,See dashboard methodology and source schema; no field is an official CAMELS rating or calibrated failure probability.
dashboard_demo_scores.parquet,peer_benchmark_status,str,synthetic institution record,See dashboard methodology and source schema; no field is an official CAMELS rating or calibrated failure probability.
dashboard_demo_scores.parquet,scored_population,int64,synthetic institution record,See dashboard methodology and source schema; no field is an official CAMELS rating or calibrated failure probability.
dashboard_demo_scores.parquet,same_quarter_rank,int64,synthetic institution record,See dashboard methodology and source schema; no field is an official CAMELS rating or calibrated failure probability.
dashboard_demo_scores.parquet,same_quarter_percentile,float64,synthetic institution record,See dashboard methodology and source schema; no field is an official CAMELS rating or calibrated failure probability.
dashboard_demo_scores.parquet,top_1_percent_flag,bool,synthetic institution record,See dashboard methodology and source schema; no field is an official CAMELS rating or calibrated failure probability.
dashboard_demo_scores.parquet,top_5_percent_flag,bool,synthetic institution record,See dashboard methodology and source schema; no field is an official CAMELS rating or calibrated failure probability.
dashboard_demo_scores.parquet,top_10_percent_flag,bool,synthetic institution record,See dashboard methodology and source schema; no field is an official CAMELS rating or calibrated failure probability.
dashboard_demo_scores.parquet,risk_tier,str,synthetic institution record,See dashboard methodology and source schema; no field is an official CAMELS rating or calibrated failure probability.
dashboard_demo_scores.parquet,prior_quarter_percentile,float64,synthetic institution record,See dashboard methodology and source schema; no field is an official CAMELS rating or calibrated failure probability.
dashboard_demo_scores.parquet,four_quarter_prior_percentile,float64,synthetic institution record,See dashboard methodology and source schema; no field is an official CAMELS rating or calibrated failure probability.
dashboard_demo_scores.parquet,percentile_change_qoq,float64,synthetic institution record,See dashboard methodology and source schema; no field is an official CAMELS rating or calibrated failure probability.
dashboard_demo_scores.parquet,percentile_change_yoy,float64,synthetic institution record,See dashboard methodology and source schema; no field is an official CAMELS rating or calibrated failure probability.
dashboard_demo_scores.parquet,out_of_sample_flag,bool,synthetic institution record,See dashboard methodology and source schema; no field is an official CAMELS rating or calibrated failure probability.
dashboard_demo_scores.parquet,alert_status,str,synthetic institution record,See dashboard methodology and source schema; no field is an official CAMELS rating or calibrated failure probability.
dashboard_demo_scores.parquet,data_quality_warning,str,synthetic institution record,See dashboard methodology and source schema; no field is an official CAMELS rating or calibrated failure probability.
dashboard_demo_scores.parquet,model_limitation_warning,str,synthetic institution record,See dashboard methodology and source schema; no field is an official CAMELS rating or calibrated failure probability.
dashboard_demo_scores.parquet,dashboard_build_run_id,str,synthetic institution record,See dashboard methodology and source schema; no field is an official CAMELS rating or calibrated failure probability.
dashboard_demo_scores.parquet,dashboard_configuration_hash,str,synthetic institution record,See dashboard methodology and source schema; no field is an official CAMELS rating or calibrated failure probability.
dashboard_demo_scores.parquet,frozen_model_version,str,synthetic institution record,See dashboard methodology and source schema; no field is an official CAMELS rating or calibrated failure probability.
dashboard_demo_scores.parquet,prediction_source_hash,str,synthetic institution record,See dashboard methodology and source schema; no field is an official CAMELS rating or calibrated failure probability.
dashboard_demo_scores.parquet,source_lineage,str,synthetic institution record,See dashboard methodology and source schema; no field is an official CAMELS rating or calibrated failure probability.
dashboard_demo_scores.parquet,build_timestamp,str,synthetic institution record,See dashboard methodology and source schema; no field is an official CAMELS rating or calibrated failure probability.
dashboard_demo_scores.parquet,validation_status,str,synthetic institution record,See dashboard methodology and source schema; no field is an official CAMELS rating or calibrated failure probability.
dashboard_demo_validation.parquet,section,str,aggregate frozen validation evidence,See dashboard methodology and source schema; no field is an official CAMELS rating or calibrated failure probability.
dashboard_demo_validation.parquet,series,str,aggregate frozen validation evidence,See dashboard methodology and source schema; no field is an official CAMELS rating or calibrated failure probability.
dashboard_demo_validation.parquet,x_label,str,aggregate frozen validation evidence,See dashboard methodology and source schema; no field is an official CAMELS rating or calibrated failure probability.
dashboard_demo_validation.parquet,x_value,float64,aggregate frozen validation evidence,See dashboard methodology and source schema; no field is an official CAMELS rating or calibrated failure probability.
dashboard_demo_validation.parquet,y_value,float64,aggregate frozen validation evidence,See dashboard methodology and source schema; no field is an official CAMELS rating or calibrated failure probability.
dashboard_demo_validation.parquet,metric_name,str,aggregate frozen validation evidence,See dashboard methodology and source schema; no field is an official CAMELS rating or calibrated failure probability.
dashboard_demo_validation.parquet,detail,str,aggregate frozen validation evidence,See dashboard methodology and source schema; no field is an official CAMELS rating or calibrated failure probability.
dashboard_demo_validation.parquet,dashboard_build_run_id,str,aggregate frozen validation evidence,See dashboard methodology and source schema; no field is an official CAMELS rating or calibrated failure probability.
dashboard_demo_validation.parquet,dashboard_configuration_hash,str,aggregate frozen validation evidence,See dashboard methodology and source schema; no field is an official CAMELS rating or calibrated failure probability.
dashboard_demo_validation.parquet,frozen_model_version,str,aggregate frozen validation evidence,See dashboard methodology and source schema; no field is an official CAMELS rating or calibrated failure probability.
dashboard_demo_validation.parquet,prediction_source_hash,str,aggregate frozen validation evidence,See dashboard methodology and source schema; no field is an official CAMELS rating or calibrated failure probability.
dashboard_demo_validation.parquet,source_lineage,str,aggregate frozen validation evidence,See dashboard methodology and source schema; no field is an official CAMELS rating or calibrated failure probability.
dashboard_demo_validation.parquet,build_timestamp,str,aggregate frozen validation evidence,See dashboard methodology and source schema; no field is an official CAMELS rating or calibrated failure probability.
dashboard_demo_validation.parquet,validation_status,str,aggregate frozen validation evidence,See dashboard methodology and source schema; no field is an official CAMELS rating or calibrated failure probability.
dashboard_demo_watchlist.parquet,cert,int64,synthetic institution record,See dashboard methodology and source schema; no field is an official CAMELS rating or calibrated failure probability.
dashboard_demo_watchlist.parquet,rssdid,int64,synthetic institution record,See dashboard methodology and source schema; no field is an official CAMELS rating or calibrated failure probability.
dashboard_demo_watchlist.parquet,bank_name,str,synthetic institution record,See dashboard methodology and source schema; no field is an official CAMELS rating or calibrated failure probability.
dashboard_demo_watchlist.parquet,state,str,synthetic institution record,See dashboard methodology and source schema; no field is an official CAMELS rating or calibrated failure probability.
dashboard_demo_watchlist.parquet,reporting_date,datetime64[us],synthetic institution record,See dashboard methodology and source schema; no field is an official CAMELS rating or calibrated failure probability.
dashboard_demo_watchlist.parquet,asset_size_band,str,synthetic institution record,See dashboard methodology and source schema; no field is an official CAMELS rating or calibrated failure probability.
dashboard_demo_watchlist.parquet,bank_class,str,synthetic institution record,See dashboard methodology and source schema; no field is an official CAMELS rating or calibrated failure probability.
dashboard_demo_watchlist.parquet,model_score,float64,synthetic institution record,See dashboard methodology and source schema; no field is an official CAMELS rating or calibrated failure probability.
dashboard_demo_watchlist.parquet,same_quarter_percentile,float64,synthetic institution record,See dashboard methodology and source schema; no field is an official CAMELS rating or calibrated failure probability.
dashboard_demo_watchlist.parquet,same_quarter_rank,int64,synthetic institution record,See dashboard methodology and source schema; no field is an official CAMELS rating or calibrated failure probability.
dashboard_demo_watchlist.parquet,scored_population,int64,synthetic institution record,See dashboard methodology and source schema; no field is an official CAMELS rating or calibrated failure probability.
dashboard_demo_watchlist.parquet,risk_tier,str,synthetic institution record,See dashboard methodology and source schema; no field is an official CAMELS rating or calibrated failure probability.
dashboard_demo_watchlist.parquet,top_1_percent_flag,bool,synthetic institution record,See dashboard methodology and source schema; no field is an official CAMELS rating or calibrated failure probability.
dashboard_demo_watchlist.parquet,top_5_percent_flag,bool,synthetic institution record,See dashboard methodology and source schema; no field is an official CAMELS rating or calibrated failure probability.
dashboard_demo_watchlist.parquet,top_10_percent_flag,bool,synthetic institution record,See dashboard methodology and source schema; no field is an official CAMELS rating or calibrated failure probability.
dashboard_demo_watchlist.parquet,percentile_change_qoq,float64,synthetic institution record,See dashboard methodology and source schema; no field is an official CAMELS rating or calibrated failure probability.
dashboard_demo_watchlist.parquet,percentile_change_yoy,float64,synthetic institution record,See dashboard methodology and source schema; no field is an official CAMELS rating or calibrated failure probability.
dashboard_demo_watchlist.parquet,alert_status,str,synthetic institution record,See dashboard methodology and source schema; no field is an official CAMELS rating or calibrated failure probability.
dashboard_demo_watchlist.parquet,prediction_split,str,synthetic institution record,See dashboard methodology and source schema; no field is an official CAMELS rating or calibrated failure probability.
dashboard_demo_watchlist.parquet,out_of_sample_flag,bool,synthetic institution record,See dashboard methodology and source schema; no field is an official CAMELS rating or calibrated failure probability.
dashboard_demo_watchlist.parquet,feature_quality_status,str,synthetic institution record,See dashboard methodology and source schema; no field is an official CAMELS rating or calibrated failure probability.
dashboard_demo_watchlist.parquet,peer_benchmark_status,str,synthetic institution record,See dashboard methodology and source schema; no field is an official CAMELS rating or calibrated failure probability.
dashboard_demo_watchlist.parquet,data_quality_warning,str,synthetic institution record,See dashboard methodology and source schema; no field is an official CAMELS rating or calibrated failure probability.
dashboard_demo_watchlist.parquet,model_limitation_warning,str,synthetic institution record,See dashboard methodology and source schema; no field is an official CAMELS rating or calibrated failure probability.
dashboard_demo_watchlist.parquet,top_driver_1,str,synthetic institution record,See dashboard methodology and source schema; no field is an official CAMELS rating or calibrated failure probability.
dashboard_demo_watchlist.parquet,driver_direction_1,str,synthetic institution record,See dashboard methodology and source schema; no field is an official CAMELS rating or calibrated failure probability.
dashboard_demo_watchlist.parquet,current_driver_value_1,float64,synthetic institution record,See dashboard methodology and source schema; no field is an official CAMELS rating or calibrated failure probability.
dashboard_demo_watchlist.parquet,peer_comparison_1,float64,synthetic institution record,See dashboard methodology and source schema; no field is an official CAMELS rating or calibrated failure probability.
dashboard_demo_watchlist.parquet,top_driver_2,str,synthetic institution record,See dashboard methodology and source schema; no field is an official CAMELS rating or calibrated failure probability.
dashboard_demo_watchlist.parquet,driver_direction_2,str,synthetic institution record,See dashboard methodology and source schema; no field is an official CAMELS rating or calibrated failure probability.
dashboard_demo_watchlist.parquet,current_driver_value_2,float64,synthetic institution record,See dashboard methodology and source schema; no field is an official CAMELS rating or calibrated failure probability.
dashboard_demo_watchlist.parquet,peer_comparison_2,float64,synthetic institution record,See dashboard methodology and source schema; no field is an official CAMELS rating or calibrated failure probability.
dashboard_demo_watchlist.parquet,top_driver_3,str,synthetic institution record,See dashboard methodology and source schema; no field is an official CAMELS rating or calibrated failure probability.
dashboard_demo_watchlist.parquet,driver_direction_3,str,synthetic institution record,See dashboard methodology and source schema; no field is an official CAMELS rating or calibrated failure probability.
dashboard_demo_watchlist.parquet,current_driver_value_3,float64,synthetic institution record,See dashboard methodology and source schema; no field is an official CAMELS rating or calibrated failure probability.
dashboard_demo_watchlist.parquet,peer_comparison_3,float64,synthetic institution record,See dashboard methodology and source schema; no field is an official CAMELS rating or calibrated failure probability.
dashboard_demo_watchlist.parquet,dashboard_build_run_id,str,synthetic institution record,See dashboard methodology and source schema; no field is an official CAMELS rating or calibrated failure probability.
dashboard_demo_watchlist.parquet,dashboard_configuration_hash,str,synthetic institution record,See dashboard methodology and source schema; no field is an official CAMELS rating or calibrated failure probability.
dashboard_demo_watchlist.parquet,frozen_model_version,str,synthetic institution record,See dashboard methodology and source schema; no field is an official CAMELS rating or calibrated failure probability.
dashboard_demo_watchlist.parquet,prediction_source_hash,str,synthetic institution record,See dashboard methodology and source schema; no field is an official CAMELS rating or calibrated failure probability.
dashboard_demo_watchlist.parquet,source_lineage,str,synthetic institution record,See dashboard methodology and source schema; no field is an official CAMELS rating or calibrated failure probability.
dashboard_demo_watchlist.parquet,build_timestamp,str,synthetic institution record,See dashboard methodology and source schema; no field is an official CAMELS rating or calibrated failure probability.
dashboard_demo_watchlist.parquet,validation_status,str,synthetic institution record,See dashboard methodology and source schema; no field is an official CAMELS rating or calibrated failure probability.
synthetic_bank_quarter_sample.parquet,cert,int64,synthetic institution record,See dashboard methodology and source schema; no field is an official CAMELS rating or calibrated failure probability.
synthetic_bank_quarter_sample.parquet,rssdid,int64,synthetic institution record,See dashboard methodology and source schema; no field is an official CAMELS rating or calibrated failure probability.
synthetic_bank_quarter_sample.parquet,bank_name,str,synthetic institution record,See dashboard methodology and source schema; no field is an official CAMELS rating or calibrated failure probability.
synthetic_bank_quarter_sample.parquet,state,str,synthetic institution record,See dashboard methodology and source schema; no field is an official CAMELS rating or calibrated failure probability.
synthetic_bank_quarter_sample.parquet,reporting_date,datetime64[us],synthetic institution record,See dashboard methodology and source schema; no field is an official CAMELS rating or calibrated failure probability.
synthetic_bank_quarter_sample.parquet,asset_size_band,str,synthetic institution record,See dashboard methodology and source schema; no field is an official CAMELS rating or calibrated failure probability.
synthetic_bank_quarter_sample.parquet,bank_class,str,synthetic institution record,See dashboard methodology and source schema; no field is an official CAMELS rating or calibrated failure probability.
synthetic_bank_quarter_sample.parquet,equity_to_assets,float64,synthetic institution record,See dashboard methodology and source schema; no field is an official CAMELS rating or calibrated failure probability.
synthetic_bank_quarter_sample.parquet,equity_change_yoy_pct,float64,synthetic institution record,See dashboard methodology and source schema; no field is an official CAMELS rating or calibrated failure probability.
synthetic_bank_quarter_sample.parquet,noncurrent_assets_to_total_loans,float64,synthetic institution record,See dashboard methodology and source schema; no field is an official CAMELS rating or calibrated failure probability.
synthetic_bank_quarter_sample.parquet,past_due_30_89_to_total_loans,float64,synthetic institution record,See dashboard methodology and source schema; no field is an official CAMELS rating or calibrated failure probability.
synthetic_bank_quarter_sample.parquet,return_on_assets,float64,synthetic institution record,See dashboard methodology and source schema; no field is an official CAMELS rating or calibrated failure probability.
synthetic_bank_quarter_sample.parquet,return_on_equity,float64,synthetic institution record,See dashboard methodology and source schema; no field is an official CAMELS rating or calibrated failure probability.
synthetic_bank_quarter_sample.parquet,net_interest_margin,float64,synthetic institution record,See dashboard methodology and source schema; no field is an official CAMELS rating or calibrated failure probability.
synthetic_bank_quarter_sample.parquet,efficiency_ratio,float64,synthetic institution record,See dashboard methodology and source schema; no field is an official CAMELS rating or calibrated failure probability.
synthetic_bank_quarter_sample.parquet,liquid_assets_to_total_assets,float64,synthetic institution record,See dashboard methodology and source schema; no field is an official CAMELS rating or calibrated failure probability.
synthetic_bank_quarter_sample.parquet,loans_to_deposits,float64,synthetic institution record,See dashboard methodology and source schema; no field is an official CAMELS rating or calibrated failure probability.
synthetic_bank_quarter_sample.parquet,deposits_to_total_assets,float64,synthetic institution record,See dashboard methodology and source schema; no field is an official CAMELS rating or calibrated failure probability.
synthetic_bank_quarter_sample.parquet,fhlb_advances_to_total_assets,float64,synthetic institution record,See dashboard methodology and source schema; no field is an official CAMELS rating or calibrated failure probability.
synthetic_bank_quarter_sample.parquet,deposit_growth_yoy_pct,float64,synthetic institution record,See dashboard methodology and source schema; no field is an official CAMELS rating or calibrated failure probability.
synthetic_bank_quarter_sample.parquet,funding_cost,float64,synthetic institution record,See dashboard methodology and source schema; no field is an official CAMELS rating or calibrated failure probability.
synthetic_bank_quarter_sample.parquet,loan_concentration_hhi,float64,synthetic institution record,See dashboard methodology and source schema; no field is an official CAMELS rating or calibrated failure probability.
synthetic_bank_quarter_sample.parquet,largest_reported_loan_category_share,float64,synthetic institution record,See dashboard methodology and source schema; no field is an official CAMELS rating or calibrated failure probability.
synthetic_bank_quarter_sample.parquet,total_asset_growth_yoy_pct,float64,synthetic institution record,See dashboard methodology and source schema; no field is an official CAMELS rating or calibrated failure probability.
synthetic_bank_quarter_sample.parquet,total_loan_growth_yoy_pct,float64,synthetic institution record,See dashboard methodology and source schema; no field is an official CAMELS rating or calibrated failure probability.
synthetic_bank_quarter_sample.parquet,loan_growth_minus_deposit_growth,float64,synthetic institution record,See dashboard methodology and source schema; no field is an official CAMELS rating or calibrated failure probability.
