relative_path,size_bytes,sha256,category
.github/ISSUE_TEMPLATE/bug_report.yml,1049,102e0edc7a8c42448c3a5ba929ed552d896c5c220772c541850dd80e44669476,.github
.github/ISSUE_TEMPLATE/documentation.yml,569,b721a9b482ba8aab6f294406783f559aa48cef0e625ae23145b5fab1ac743c70,.github
.github/pull_request_template.md,546,c5505f42976069307a722b0bb32f6241d2ed09c0d6989a6172308aad241ce3c2,.github
.github/workflows/public-release-check.yml,979,2b55194cba6a64f40c3f2dc20d77149cd2bd894dbed3626ef822617b45f85dae,.github
.github/workflows/test.yml,584,844a6c1b5f80e35d5b19718acd483a2d6b2337670424ed93032d74a59296f557,.github
.gitignore,1274,4082187cc26eb6adaece54d5c416da36ee898ffbd8b4f1d6ba7b79fc2b15d121,.gitignore
.public-release-candidate,73,a16cc5fe1ceaa2319451d4254c47c86392de861f4a2725605b3147337e3239a1,.public-release-candidate
.streamlit/config.toml,217,1d7bf4059926a4123b2ef0fe7625f9abd50e32923783cd7b62626607b19d4b0a,.streamlit
CHANGELOG.md,2133,4f27850a95377899307ed083d71419c21cae6aa447dba21f12b4e02b72fa56d1,CHANGELOG.md
configs/anchor_quarters.yaml,1843,2ecaf44c872f1d1ba67f5811474067f4a4006e5573950b61f1729036f8f450fc,configs
configs/dashboard.yaml,5063,3d459df3fe396f676f5974210423a3ba864c50bc86a98e886d1baf80b1aee92b,configs
configs/dashboard_case_studies.yaml,936,470183956dbff3385d1e617d644cb53ef2e9a4ce8c64a9ac7a67bc9eb50d8cca,configs
configs/dashboard_disclaimers.yaml,830,a16b0c44881dc2782582d68338155507d28100139519e7229dd0f78a6432d29d,configs
configs/dashboard_risk_tiers.yaml,1784,835cdb817bfac398b794ef29a9fddd858a84b587ae161cc3a7f9797656098733,configs
configs/database_build.yaml,2989,af6d821668e4f07ccf310ff2ffef8460a4c0206284a33921616a8a4894e36d28,configs
configs/distress_labels.yaml,1258,31a2b2832eea397c9517f7a8f5fa8b735b642d9cb390e3140ba079e68a103f2b,configs
configs/evaluation_metrics.yaml,812,14146e8ef539aad308fa5f3dacde88cbc7c65c980139560488f3d444cabb0c62,configs
configs/experiment_protocol.sha256,66,10e6ee76657e9ea834870b063f415e6a29d0492770bf150505a563bdcfd2dfa7,configs
configs/experiment_protocol.yaml,3618,9d1d328af380fdf58490e3f5b8362471a8e5e68165a6bbf036ef47b6aafb90cc,configs
configs/fdic_download_config.yaml,459,862eb4c7b504b2651bc7a9f8fc41b337edf26f6ba4e8f7de1a72cba73f069bdd,configs
configs/feature_quality_rules.yaml,598,6e81fc73d4a48011e7a709835d74e93e56e326eb9c6d5c2480678b7b56950c63,configs
configs/full_historical_extraction.yaml,6646,29f34c2be1ed752788ed3da670bb29cbb2aac8d3fa80067b15e7ece95fa56410,configs
configs/full_pipeline.yaml,1628,f0ac6c2ac1fc9961575b999783ccf35fb9a957195668f5432bd377dd93ae78d3,configs
configs/locked_test_policy.yaml,707,981077f592f4d7ec5c361df2a8da7f65f822b4b680b6bc1140d8124e14b4c44c,configs
configs/model_candidates.yaml,1332,bbc70f8539ec6e55232cac77154354202fca406958a3d0f14dade4032d645243,configs
configs/model_features.yaml,50830,0b7ce955612d49ea881ff929e9e5eb1bc42c0a3450e0e65514af6fb638d270ed,configs
configs/outcome_labels.yaml,3870,7b4cec2ffad7bc22b94a11d0dc1948a2a4456bdfe0b3a70bbd98517572a8edeb,configs
configs/peer_groups.yaml,1511,0b74bb3d3dad1cd6ab3c3656ffd4fb72c9a13586eb7ca1bf32e80834980ca2d4,configs
configs/phase1_candidate_financial_fields.yaml,878,6174a0d769d83a8d92f58260268461098d0819a16872e1e3420dfaf39be1419b,configs
configs/risk_features.yaml,64878,c422cd159f6d007d7c5744ac4b42703b67899771f90e11df1fdacd685bd02c82,configs
configs/selected_financial_fields_v1.yaml,32790,9025e91ffdd7a4e2d4cd5efed066541ac5d513fe3db7a001134d7dd3345f2a7e,configs
CONTRIBUTING.md,888,1c7c4b3c62d2665c109ae431286f99f1ebf360118cfba57439f7f19b6a3ea4bf,CONTRIBUTING.md
COPYRIGHT_AND_LICENSE_REVIEW.md,2503,69c2128ce268a0fca3c4452dbc6a719e7b2f7018ec2af0282ad858cdddf4e05e,COPYRIGHT_AND_LICENSE_REVIEW.md
dashboards/app.py,334,fe1abc4679dff3c38de9cca7236f7cb9a6fe8dc99aaed2be5ebb2801a3e65b69,dashboards
dashboards/pages/01_Executive_Overview.py,307,dd6da44b9d94442c638f6df6606eb4716ba6ec49259fea8b9d68acb2019672a2,dashboards
dashboards/pages/02_Current_Watchlist.py,306,dc88b10ddebfe74294fa5c04c3bee80ba364ae222d32fbaf1616520202e07bfa,dashboards
dashboards/pages/03_Bank_Detail.py,304,d05392857e207d03544013af63cf0f23700b80936ed3846cdfe1c4d233501db9,dashboards
dashboards/pages/04_Peer_Comparison.py,316,38bb55105a1600dfd0a83bfe2ada1f312d5961c655efab6a15d28d45290c7503,dashboards
dashboards/pages/05_Model_Validation.py,319,b17a2a0d40d9754c13edc798f3eaf3936da4b148652b0a82419757190e90c5b0,dashboards
dashboards/pages/06_Failure_Case_Studies.py,315,c6b99c5a2ba8e2f8cf46e98c873cb8011aca8d83f0777933f1b23b0ff68ee9be,dashboards
dashboards/pages/07_Data_Quality_and_Lineage.py,319,bae65cb74be80b5ae4c2e4703650b27d757dbafb537af3ba5d0f725934e6ab57,dashboards
dashboards/pages/08_Methodology_and_Limitations.py,320,2c9171cf99ac1d65664ca5e86487a6e35797a56b26378b375c03fc2506933cfc,dashboards
docs/AI_ASSISTANCE_DISCLOSURE.md,757,f2712a55b4863fe68be0eefd18fa39038ad8337f0fceb34bc7396712fee30b5d,docs
docs/ALERT_METHODOLOGY.md,641,3b890fd44933d4d9f990d1c3e007eb3c7b680afed2d1abca57bbb1ab239460ca,docs
docs/ARCHITECTURE.md,1763,30f8f31df2eded5ffec8d172082b9c971e9c650f408434cc5a840eca9ec76757,docs
docs/CLASS_IMBALANCE_POLICY.md,602,24313927be0bb0d660602163ab4d61ca4d959b859359456ceedd6e0110eddfc2,docs
docs/DASHBOARD_CONTROL_INVENTORY.md,1293,9de45cc08aad6819eba28bf71ca29310d554ee3b5c3ed666b6183e7d82a67490,docs
docs/DASHBOARD_DATA_LINEAGE.md,1062,c1bf93aaa7924d62810011f57bd8b1dfe34b2178489cb36aa0c2b0faf03943d7,docs
docs/DASHBOARD_LIMITATIONS.md,932,eba01107d64ed29cf2428cb4d0997e2c3933abd30aef713a6b563081edba48e2,docs
docs/DASHBOARD_METHODOLOGY.md,1238,9b29bd6ae49383780c873cd7e5814aefea9f1ae442a1bf7f30bce6974ec33e50,docs
docs/DASHBOARD_USER_GUIDE.md,1037,49885fcbac231beb66d359580333b061049eb22e3c5bfc9834ab741797a8a784,docs
docs/DATA_DICTIONARY.md,8919,92928bb4b1938620ef2a149bbf9017da437123a115674a0338387777ed8c9615,docs
docs/DATA_LINEAGE_PHASE2.md,1413,592bd284b9ec14d60de6fd1b47b20c4b3c590f47c1705c5042acd097092d771d,docs
docs/DATA_QUALITY_CONTROL_INVENTORY_PHASE2.md,4132,cb9adc16f6c08b6a66d826801953742f77f1a5fb5847aaf54d8e02764d8c93a9,docs
docs/DATA_REDISTRIBUTION_POLICY.md,1310,1519f8607f0532af4bcb3d36f4bf7c41afd2a87cba462ecbe3c21a80b3f1e943,docs
docs/DATABASE_ARTIFACT_POLICY.md,957,833dee847c416b2bcf93df9e109d350e48e3fc708f397be68f37050b7e93e140,docs
docs/DEMO_MODE_GUIDE.md,840,952dbce1dba26d2063f37bfe016b64354fc5905db852d7349687e241a0266a14,docs
docs/DISTRESS_LABEL_METHODOLOGY.md,1718,9c74f78324b77ddd8fd0fceec3753b067cab93d769033606616c41b4278c83f5,docs
docs/ENVIRONMENT_SETUP.md,881,0c55f17240d84c6fe74550a6038e590f678672b753e7fb22baf79a2e95262999,docs
docs/EXPERIMENTAL_PROTOCOL.md,2220,b12fc619b88fce55b3510184abdc79b3e010c86131cd7a7ce2f99481cebc274f,docs
docs/EXPLAINABILITY_METHODOLOGY.md,1052,4f70aa8e29f9b89d8e04c92b03df1cd0449b0fbd00e2c5c45d9a872f172cf55c,docs
docs/FAILURE_CASE_STUDY_METHODOLOGY.md,852,0d6803f34805ffa98a1be0b822ec51cfdc25489384f5c893fdb1ce24e8e734f7,docs
docs/FDIC_FIELD_SELECTION.md,3066,2760937cd22ba5c042bc7211962c7bcebb04d4be882c5c274a6efc034a62e40c,docs
docs/FEATURE_DENOMINATOR_POLICY.md,2086,3f0a80226d6afb31c427cb524369891eb8c5ef4f60d5ead1d5ff477b474731f9,docs
docs/FEATURE_QUALITY_CONTROL_INVENTORY.md,1499,afac62ba752e8e2088f99924b94426930644662f8c970568c8cc5cd08e10ff92,docs
docs/FIELD_CONTINUITY_ASSESSMENT.md,3721,5c9859683fc8764676e20a00abed3a53ae13e26413dd45a4727635df57fdc68f,docs
docs/FIELD_DEFINITION_RESOLUTION.md,7028,276d0fa8ae6fe12d503718418118f9a97e4455283545d87cbb1c8a74d10bda0a,docs
docs/FULL_HISTORICAL_EXTRACTION_METHODOLOGY.md,5447,6c03b6131a5132f338d639f2425f133c7af041594f6743f7db806629a023fdec,docs
docs/FULL_HISTORICAL_EXTRACTION_VALIDATION.md,4402,0360fbfc0619191f54734d86592c9e3cb247dd1aafc25447efc1e1f6a8eeff7e,docs
docs/FULL_REBUILD_GUIDE.md,1675,072303e9eb6bff381fff4b75e5c55d9acc5550b0bd38c88fd19a3789d7456350,docs
docs/HISTORY_EVENT_TAXONOMY.md,2234,5e3b4d54f2d8c5a2ac26deeb3cc3dc814f48ad1e1563259a56818c325b046f0a,docs
docs/INGESTION_CONTROL_FRAMEWORK.md,4575,1dde08992851cd359eb341013ad77ba24c81bf730e1084e7adfcb7da59fa4be2,docs
docs/LABEL_DEVELOPMENT_PROTOCOL.md,3658,c1ac6e17359d8ee660683b2ff4348d166f5089537550d72188d3978b3d091ecf,docs
docs/LABEL_LEAKAGE_CONTROL.md,891,442c0ceb7494043b3965afa98be8263feed191218dd15508c59cdad82b7478aa,docs
docs/LABEL_METHODOLOGY.md,1468,479326799cbbd12712a54f0f4aa63514d04e998cf76de03b9b855daa325ad211,docs
docs/LABEL_QUALITY_CONTROL_INVENTORY.md,1305,cd2bee674b29e1467d3577941c20fe5e292bc5deb17a771ded4d5d14ad00a429,docs
docs/LICENSE_DECISION.md,770,25e930f0607e93adf7329a65ae1259508ca18030cf2b1b4ed5c8f7db267c6d96,docs
docs/LOCKED_TEST_POLICY.md,837,6b113eee457265da548bf07aada61407cca0648bbf20f4a75ac497b47a6cdd3f,docs
docs/MODEL_CALIBRATION_METHODOLOGY.md,648,395c4b75ff0565d174b42bd617fb7d4d6f15e5f135220f461b21c9e97d6b0ea5,docs
docs/MODEL_CARD.md,3239,2731ab73837b26e4ee116bd08a89e4cf83dee352677918482c176697367ef39a,docs
docs/MODEL_PREPROCESSING_POLICY.md,616,c84d543015509977dc4fae54c0faf38e7732972ef64808e5248a73680d5735f8,docs
docs/MODEL_RESULTS.md,3249,2753aa5b3cccf3af744fe93812ef1985add4355e21dfcdb2ba215c3d56074ac9,docs
docs/MODEL_SELECTION_METHODOLOGY.md,620,2133a8e0060f0663ad3581c40bd0c7e27b2d434ce7afac2d708879de2bf7449f,docs
docs/MODEL_UNCERTAINTY_METHODOLOGY.md,704,4caf04cbe51beac80a05cc9a0d2f0daee8cc74408cd2b310fbb824ea18a40fc0,docs
docs/MODEL_VALIDATION_REPORT.md,3064,018c6d876d49b931e77ae22cf5d331a25d6cf3c150052f5a79f6977f50240e2e,docs
docs/PEER_GROUP_METHODOLOGY.md,1771,81bce594fe7aef06416de703505863c8bafc2532b2ebfe7fbcaa0f8940197290,docs
docs/PERSONAL_CONTRIBUTION.md,990,1083901630ffde86b8197201ad20d8fe451d57d2066d18ae78b2d4361170905f,docs
docs/PHASE0_COMPLETION_REPORT.md,3306,54742814b13de49d0b907b722ec2a7119541e383af735c8b9a8cb660a8ad5c52,docs
docs/PHASE0_SOURCE_AUDIT.md,7774,6c4532c6d5e3132537baa5853188febddf8ee291182649b1ba8bd90a1674cec6,docs
docs/PHASE1_COMPLETION_REPORT.md,7077,898b9ef8710d799c34a7e819627a4c909f302fa859bd4eda230be1d3c4a2fd5b,docs
docs/PHASE1_DOWNLOADER_PLAN.md,4572,bdd38805cfb13630c360fe0e54f178d0f0e18765e518956e88d9a44c02bc019f,docs
docs/PHASE1_FULL_DOWNLOAD_READINESS.md,4549,f268592ea328b082c42698dfe0ed8ac3dc82027f9fef5df1b04f62ce5a67eb39,docs
docs/PHASE1B_COMPLETION_REPORT.md,6522,91beb497e101d58f9ee57abd13cf6d8a4c32c08ba2be8667008a7165dd35b346,docs
docs/PHASE2_COMPLETION_REPORT.md,5990,500912964c77c7915eb497d862b2a570a49702d7f00f5102346575b030b31fc8,docs
docs/PHASE2_SQL_MODEL_READINESS.md,3171,b199a8698b70244225f3139578a603241188fc143589364285ad59eb3b53dbf6,docs
docs/PHASE3_COMPLETION_REPORT.md,6282,749f60f3c1bf9ca2a75660c7a555994d19b327542fcd730520b4bf6c92dc20a1,docs
docs/PHASE3_RISK_FEATURE_READINESS.md,3676,71650ed5aa79b22e720c9608c51df3ec3d0a41af070dfc73bcacd0853966a6d8,docs
docs/PHASE4_COMPLETION_REPORT.md,3479,38a8135f08a6b10b980e18d39591532b85b000d1d91314653275a8f9ca1f2b46,docs
docs/PHASE4_LABEL_READINESS.md,2772,513ec0227ee403b3138d68e26ae5ccc47203c2cf34a8d1765c6ec980a95e48db,docs
docs/PHASE5_COMPLETION_REPORT.md,5728,7f2b8e4cc96e617fc40f299ae4f00201258064764091192b6fe9349854fd6582,docs
docs/PHASE5_MODEL_READINESS.md,2466,c988fcd4cec9b2b1344025422f87c794bc1af87fabf84ef638fb785b7f736f85,docs
docs/PHASE6_COMPLETION_REPORT.md,9846,7ec42f5283426a7b565d84874bc621ac345dc5f23eb97f595bbc533dcb1ea3e9,docs
docs/PHASE6_DASHBOARD_READINESS.md,1952,4a30c5f84ba994630bc62c029fec70f5128bbfa49d96a5433830f7bc7199c66d,docs
docs/PHASE7_COMPLETION_REPORT.md,5297,9c146e507e34d362210e3124974994a1e91b5bc0ea75aa2776d3909d18759c75,docs
docs/PHASE7_PUBLIC_RELEASE_READINESS.md,1893,0b60ca104b5d0ce0293fb82a9360de9d1da9d828bfb5efae78b0a16b7adaeca5,docs
docs/PHASE8_CAREER_PACKAGING_READINESS.md,4065,498d7c29c14554ca3bd51248fe9736b43caca16f77a9443a0dde9e57ca1b9e19,docs
docs/PRE_TEST_MODEL_SELECTION.md,1532,c2f015cc767a865b15074b1de24fa1936fb9e0ed13cfc30509348d8ae439a1f4,docs
docs/PROJECT_SPECIFICATION.md,4868,57dced98564b2e17e56b11ecdff85febd7b25c57a794cb8208fe811c1503f5a4,docs
docs/PUBLIC_ARTIFACT_POLICY.md,1118,ad57f0688e51b4520c0e80b42935b363ec217482e46a8fa5f40c127282c03dee,docs
docs/REPRODUCIBILITY_GUIDE.md,1432,9a8db6605dd7915327c02a2313ff3d7d69c3b8fa95a7ce5cc99fa2db6f7e60da,docs
docs/RESEARCH_REPORT.md,7875,994ad71c54b8f3b7c8579235c92870c75eda5aeea24aa53e940d8b3037b9cca0,docs
docs/RISK_FEATURE_DICTIONARY.md,14796,e4ba374e2f3540fcbdb8e0e9cc82518c26627c9e86b34e1d27f29f5673459f5a,docs
docs/RISK_FEATURE_METHODOLOGY.md,2338,e521288877ed501b9fc756ec1d654e5e7678f19d55f7a36a37cd801f9b2dcd6a,docs
docs/RISK_TIER_METHODOLOGY.md,675,d609d4ca800ed43bdc9fa481983d5c11490670533d4c69aa9d70c9344d5f45a3,docs
docs/SOURCE_TO_TARGET_MAPPING_PHASE2.md,6160,e79d8bd3bfcdd72b430cd181ad74c3c9b7dac09dd48d648c8427ea86938db001,docs
docs/SQL_AND_PYTHON_LEARNING_GUIDE_PHASE5.md,1445,bc9d606a635479971ee181bbf97e91512493b0789465b4070f82544fea522b34,docs
docs/SQL_LEARNING_GUIDE_PHASE2.md,3697,c57e6dfbeeb8b0bf038669c7879e9788118ef8b1c1b2babab96c73b7b55c230c,docs
docs/SQL_LEARNING_GUIDE_PHASE3.md,2003,9cf0b4b94a8acf3a4014a05a01516f62e20a4ff6c8803656b4f18a1ef19677f5,docs
docs/SQL_LEARNING_GUIDE_PHASE4.md,1673,560fc2ca405c6d621786fb90d17860c266e5915bc4ded55de05e82b0f3cbdba7,docs
docs/STREAMLIT_DEPLOYMENT_GUIDE.md,829,aa468eed27e6369090291c7589632793dcdbbf2c92e37d66ecd458f8b3d77de9,docs
docs/TEMPORAL_SPLIT_METHODOLOGY.md,904,e9536ba30d3c9760acc959b4ee7daf5c773a0b344e1b1549cf7848ed3ccabb70,docs
docs/TIME_SERIES_VALIDATION.md,629,862277f52b50c1d39db1ce8d49406a18d2251bf4a5e2fefb2ac5ca986dbfd36f,docs
LICENSE,1328,0660384319989e7a5e1133997c29085354a2cd126717c5cf09acc58d9fe350ce,LICENSE
Makefile,395,6343b07215bfddfb93751d1e36dbd5010fe83ca4922474f3918395051ac58e63,Makefile
manifests/dashboard_build/run_manifest.json,7648,bba7c1334974a7e36cefed288d2dd0c4fa3445eab8586374946888982b699e94,manifests
manifests/model_experiment/pre_test_selection_manifest.json,9801,3808b473f0558f2094f19282acc4f2e136beeb6e1154939f7723cf48d618b93c,manifests
manifests/model_experiment/protocol_manifest.json,1050,4528539f3224dbac6822ce7a06ae7ebd3f43117e10dbbf82f9239b6d296716fe,manifests
public_release/CLEAN_CLONE_VALIDATION_REPORT.md,3300,9ce5d81525d19501060f0a55f337154e86e9aaa68a5dcdff84af833c214c82ad,public_release
public_release/configs/demo_data.json,488,3443ffb5bdbca478af7f590ce6253a0ce0cd4a67e952fcb957ca2cc6c417472a,public_release
public_release/dashboard/README.md,235,3bd39d5de52655a8952ca4a4464c59f7ce528ec840c3440e84b8da801f40a0cc,public_release
public_release/data/dashboard_demo_case_studies.parquet,18180,018adbc574b97b1eb8fa7c78801e29879a8d0e2c62bdbead67db19d388871285,public_release
public_release/data/dashboard_demo_drivers.parquet,69171,7d96bcb09d591dcd2cd8d14978b70aaae82c9d72629e3e8432bef672c5fd3010,public_release
public_release/data/dashboard_demo_history.parquet,174663,ed352dd84c68709ef00a4a5858d55e3ea30d470c6d20228de94deb6a813cf2b6,public_release
public_release/data/dashboard_demo_metadata.parquet,8482,717a201e5ee7c493d0d9a1b412bdd6e6afa57f3037f506aedad6c54e6ea1b1e0,public_release
public_release/data/dashboard_demo_peer_comparisons.parquet,166722,875b6989b1a597b716bbf89ba302155bdc23ef0e5ccc9d34d936987e25c5fb60,public_release
public_release/data/dashboard_demo_quality.parquet,18948,afba3acc1523101b56fc6938ebeb398c4dcabf9f3d55eea668d541b10f8d6c82,public_release
public_release/data/dashboard_demo_scores.parquet,57027,9aacaa28ab91475fa1aafe5de5465beda2520bfe50abc72b2c07a72e13f908ec,public_release
public_release/data/dashboard_demo_validation.parquet,13502,940f07d4943bd07e04ae11e43d0644f56c1f6210b6c2a3a451c0de39b0a02486,public_release
public_release/data/dashboard_demo_watchlist.parquet,29818,58a3701e60cb5021439126b36088c7429d12dadea7b30223a8c92576130f97b6,public_release
public_release/data/DATA_DICTIONARY.csv,58007,efde937c1cd5a554adaf32dd8f9c7bba5ac4acae8a6b00f9231032ce7f66ad3a,public_release
public_release/data/DATASET_README.md,1848,e50766d22dad3ab1569783e815049f34b05273ef516baa87c901af1443b36869,public_release
public_release/data/SAMPLE_GENERATION_MANIFEST.json,2467,94eead841b1758c1f0b15acb05418eba3fbb8bfe4386440c3af3780241cd21b1,public_release
public_release/data/synthetic_bank_quarter_sample.parquet,22359,a1fff0923fa6be4195a4d666307fa27961c4e705dd36b7e34bc4df4145b8a0f3,public_release
public_release/docs/README.md,243,93ed9a5911d1e6af940321b3ac84aeb85776067194059df1abc427416571c6aa,public_release
public_release/PUBLIC_RELEASE_QUALITY_GATE.json,1987,72c04a80e83313d517b52078c56a2197728ab86af29ca6a70a84b78b3d97786f,public_release
public_release/RELEASE_NOTES_DRAFT.md,1588,959a35f019b4f0cdc18d0f8b923e9e0a586512fe985e3c7fcb522b4ff0bac053,public_release
public_release/reports/candidate_model_results.csv,17944,97346164386cad55d6a200e28bfefc8f4ffc1d5932953f0b5be77d9c1b25ac07,public_release
public_release/reports/dashboard_chart_reconciliation.csv,299,5e97e40d4d4d547de944abef3c58a873a9ed96355eed4a68f4a1953c93bedab1,public_release
public_release/reports/dashboard_data_reconciliation.csv,865,47c353a68fbf3e38c7e51c749630ed1d4de25485de5355a504dad1c8bb170529,public_release
public_release/reports/dashboard_language_scan.csv,9265,cf249a082a60040008655e995688e0d931b6da3bb57b06f83511c099ff1ca4c7,public_release
public_release/reports/locked_test_access_log.csv,368,4924717db8a064f1728e2f8bc06acc2c0a965ff40be09cc7e09a71bfc171faab,public_release
public_release/reports/locked_test_metrics.csv,2345,b3273e8dc7f6e9ef2fc69ff1eb8ec92abf5c3d48730ebf77cd7be8caa9cb71ab,public_release
public_release/reports/model_feature_importance.csv,5805,9903f9eb1c90c61e8eeb16ab686b8fc73c5a3c0ce8ae787e1a5c105631904d37,public_release
public_release/reports/model_performance_by_asset_band.csv,2772,9193b05f4808e495df4b5423142eb0946fae8709a1c4ef2161d736e9283f850a,public_release
public_release/reports/model_performance_by_bank_class.csv,3005,e82279d650dd56797fc6e459d38e3a3bc1bcb604aecd164eb511384cf96e4790,public_release
public_release/reports/model_performance_by_period.csv,3282,b1317aea3a01e5ad07d620a061341aa2b3a917b71aed7c32eb70b638aa594570,public_release
public_release/reports/model_uncertainty_intervals.csv,1260,51fde04ba74a01c2c62b46def0349a8d548049cfc431561e20770a3863db969d,public_release
public_release/reports/validation_model_comparison.csv,3922,60e623cc079fb1be69558f146231d5d86e8d8358e2acf53e3cf109e344b03d7d,public_release
public_release/scripts/README.md,239,faef8f81b5bb97979b14b109a997ad3f9460aea47c9d15b643bb5b62014f2d5d,public_release
public_release/sql/README.md,171,b88b9e6e13225a61c5d885208dac895f97253bf040015099763c00d68af5f6c7,public_release
public_release/tests/README.md,221,5cf230c707ff5f97205b8221d3cf125a4bd01ae088d256c499375a09a1f11327,public_release
PUBLICATION_INVENTORY.csv,1279996,ffda2925ceb3fe5626aebc8621a65d0a6314cbcc9c6b864fa288161ac75bdc9e,PUBLICATION_INVENTORY.csv
pyproject.toml,516,71af2b7190525790d411a3e2dad8024f458197643341e6a1699a5b0164b39c22,pyproject.toml
README.md,7954,7c82dfc445062c39b2ff9884982e24175a11a6fd630032e9a1bd70fc40155fda,README.md
reports/public_claims_audit.csv,193391,d934f0840b85b3513555949a5542899f81bd5cb68363ee1f611ee67264d6cef4,reports
reports/public_release_local_path_scan.csv,55,bb7c40f0f454f2699c1445d6451a7048b3c67b5b78302e4ab5b315d4c282a03f,reports
reports/public_release_metadata_scan.csv,55,bb7c40f0f454f2699c1445d6451a7048b3c67b5b78302e4ab5b315d4c282a03f,reports
reports/public_release_quality_checks.csv,517,2af860b342827e7c0b525cafcc299f480578514aa8254084821136bd5e4cc5b6,reports
reports/public_release_secret_scan.csv,55,bb7c40f0f454f2699c1445d6451a7048b3c67b5b78302e4ab5b315d4c282a03f,reports
requirements-dev.txt,48,6070dced7c262c2b072215aabbfc50dec3eb72be47559a45c502bd434a60ca2b,requirements-dev.txt
requirements.txt,124,74b4ec63455ea27d6c7b5e709afe05575cb75a4eb51beadc912b3f1dc7ca983e,requirements.txt
RESPONSIBLE_USE.md,1043,6900d87eb0f5050e6150f55f14484da541a1cfd9238ab6e77165b5d58f432910,RESPONSIBLE_USE.md
scripts/analyze_phase2_results.py,5447,1931c1b205a76fa4224c4b7289639d4db5f09f53a15a5e77da5ebb112dd0e9cd,scripts
scripts/analyze_phase3_results.py,3301,b96819f3646e220aff78143d08270cf35cff815330cbe54db7d76a20be4087bd,scripts
scripts/analyze_phase4_results.py,2003,44860ecac28f97affb16a72f38e7167e6a94ea380c57a2f7ffb8ca1353f510b5,scripts
scripts/analyze_phase4_sources.py,2974,d4b0146e0e253b1aae8629120d336e1934141c60f7a18528069b3b2b405d24ec,scripts
scripts/audit_full_historical_extraction.py,9813,b276875b10b900bbc76702e0bcc8fab8cc7f3feca840bd4e03c0196a221ac6e6,scripts
scripts/build_dashboard_data.py,598,dcca88a57e90e0bea30f5d72ef5b2a2c1ad1a9b84f914baa88f2c4d4dc9ec769,scripts
scripts/build_database.py,1283,d57666362d691943679866e6ccb6e6a9ad666d7bb6bd9666269623e6b93e3df8,scripts
scripts/build_model_datasets.py,655,4fe7203de4ab4accded34f95b8f0bcaf3cf06f28d7d808c84e54f65681172adb,scripts
scripts/build_outcome_labels.py,1454,c52eebf36356d43a350b573233d20ed66b870817e842e2d00ff514396c6cdd90,scripts
scripts/build_public_release.py,2232,0b196a235880a0fc78ee6d6ab5217ea01f6c0a26c049e7567820baa574e1d6f5,scripts
scripts/build_publication_inventory.py,539,bd147e757e236ae569ace52e3da3a7a24a5955d7e46532556eb72e2c72bf5d3b,scripts
scripts/build_risk_features.py,1621,584c0404c3d23854aedf3c21541a0a95734157eb6a6ee72484029b41a9c87199,scripts
scripts/create_release_candidate.py,3033,61a06a97c11c36187ac059c780da07f6647ce5975d9b8b2d541cc66f657bb394,scripts
scripts/evaluate_validation.py,1070,9374712fe934dc197e4577087c39029605155c2874eb2705966ab5e3cbd32639,scripts
scripts/export_phase2_reports.py,940,434ecd37801ebbadac052fbfc3c8ceb3353d80717453f4ac622722cd2c506f04,scripts
scripts/export_phase3_reports.py,969,8d2a9065352e381d7592328bc66b0812e6bb0476a2b6a7afb4168ce226950e57,scripts
scripts/export_phase4_reports.py,851,235cdad0b1e7698974f4b3740fa80a44d44ecdee4afc541384ee10fbe21268f0,scripts
scripts/export_phase5_reports.py,1819,303811512ffaa58bdb37ec4370f79df43d1350b4198039a963c8a6ac3d29bd6e,scripts
scripts/export_phase6_reports.py,3999,58a4b7dccada273f6b35bda3c6de6adc3f129d15dbb15bf4b2a7c312d31df7e9,scripts
scripts/finalize_phase5_database.py,4835,8febdb989996ff38152ec8a2be1e727ee923c1df0a0ad467fbcb7a795deff01f,scripts
scripts/finalize_release_manifest.py,3505,5282c29461722440465818877cc09de732edbd65a53d1651762b941667b79503,scripts
scripts/freeze_experiment_protocol.py,13121,5d40163c69b961300f06a0530635dc3029b2ef9ec4961f0f0971b40ac63d3820,scripts
scripts/freeze_pre_test_selection.py,7417,52d6e3af9cf7088a0659f2a3819a6939378664f293d6ddbcbe560ed4fe998af4,scripts
scripts/generate_risk_feature_dictionary.py,3019,736a4dfff76b8f60e124afa00f0a82d3dac4509b013f58b4fd9db81abbf7bba0,scripts
scripts/inspect_phase5_inputs.py,2123,9abdbdb153eef823bc168e563f5a69fc64ea35f496416429b54ad5d4e8bfe37a,scripts
scripts/inspect_workbook.mjs,1592,324a24c02ca99a8af5710bc1154216a83ed23aae1021b57655c95582731dae02,scripts
scripts/prepare_dashboard_configs.py,7849,793eed0795014db528ed4078ab6199b5a472284f188bdb0db81c3dfe092dac98,scripts
scripts/prepare_database_config.py,4246,dcbfa394d71690c4b3618342f339a62df8ea981e8fd56d47b11aee1f9d7e4541,scripts
scripts/prepare_full_historical_extraction.py,5879,0b45ae2ee2542304bd72aa0d58572f44fac94f399990a7efaabd69c17f0c7b4c,scripts
scripts/prepare_outcome_label_configs.py,5643,b6e31d505f10d94424593840a1846ee16fd85147ae725c893533343b8f2a8838,scripts
scripts/prepare_risk_feature_configs.py,24087,00ef52880d4a898a5e11bb031eee1b2980a57c489708dd0ace09c49cd59a1604,scripts
scripts/probe_fdic_field_definitions.py,9304,d9668a00a3b2f9933bac403d98255a71729e8c8f9db382c35485bf93fa1900e1,scripts
scripts/probe_fdic_financials.py,26817,4ad02af208ef551925054600a6d5677ef942f208bc6147ccdc8ccf905e3e1e23,scripts
scripts/probe_quarterly_replacements.py,4221,9e10a2ecb7338866e45e2ac564cbc7cd00f68cd75539ea2af93ff075648b1ed2,scripts
scripts/profile_phase2_sources.py,7723,eb36dc053db21ab76129609d0132b2b051c5bd7d0010aa2ecc3daee8c079743b,scripts
scripts/profile_sources.py,6957,891e7a202b3ec77fdbab5d2500aa51b2c55ad14679e2148c2e904db305974281,scripts
scripts/review_git_history.py,4169,932f2195d656f1663050ef36817ba3a8c02c2e49ebbe93b1aed42a5e3fd0ffcf,scripts
scripts/run_dashboard.py,475,78eb543da73a188cc05293c23b7eb80d6904140b17b21861a83bc9a48f96bccf,scripts
scripts/run_demo.py,883,e483553ae255d68293eafff662e39cec2cb3a74e05deec48d13a37fe211c4ce9,scripts
scripts/run_full_historical_extraction.py,32688,96d46113a629f38f07e78564fb5a65faa58e76d2dcfd8be7dcb4c73906f9da28,scripts
scripts/run_full_pipeline.py,2756,a13157ca3e07e1179acc703e3a08472d20830b4ec7a40b845ce500f2ab30575d,scripts
scripts/run_locked_test.py,16623,cba42fb2b114a9c73c0c9e5ec4223e6f392088bf2229b4771ec437a4e8920112,scripts
scripts/run_public_quality_gate.py,8350,640e5c8b62ff803d1d83adb654f07ba86703fd3dada641233657f5b4af54194d,scripts
scripts/run_secondary_outcomes.py,876,a237b3ed7d2865bc90e3f90e6d220017927a70939523bf45b542c112c518904a,scripts
scripts/run_training_cv.py,544,df30adf49d5b1c1157b394129b03bf5fdfa3ed27251cd618d278d6e5f4f67677,scripts
scripts/validate_dashboard_data.py,2928,55039e27e042459092e48193cd5b661e463486a3174e274e4807d92cb908f3a7,scripts
scripts/validate_database.py,1841,2ba5da0b083b642794ce5658cc9ecc4b22ea7d87b908c969b293fd33c3ab45b8,scripts
scripts/validate_environment.py,1369,bfbee96d41acde2f4af4d03de78cfb1c46d0cf544d8577ac429a494073b5fc7b,scripts
scripts/validate_outcome_labels.py,1096,5a06f79a9b1ea528b3e3d1883e97850db85a2144a88539a7a2c25b09fe818f36,scripts
scripts/validate_phase5.py,2034,ad54feb789528df01df5af75331ea1363c84ed34695456bb96d17daeed3a4a85,scripts
scripts/validate_risk_features.py,1173,3c979b8270c5b89af093da1f5f74fb394a25dabd22b077b4eb506cce739553a3,scripts
SECURITY_AND_PRIVACY_SCAN.md,985,4da020896349973f558bf5b58cf9c7f80e9a4975b84777ce9583fa0dd57811c8,SECURITY_AND_PRIVACY_SCAN.md
sql/001_create_schemas.sql,207,cc976295fd8d3f2edb8e5391a6daf82ee4d28d25502aee129eece727b3870bda,sql
sql/002_create_ingestion_metadata.sql,1370,d72eae8da9e469482135e18f3a698b3aa8d7223e90d66c9184963583a8499321,sql
sql/003_load_financials_stage.sql,771,4ebafddce8acbe5bd697d915a8c2d5207185ad003abb133c3f1317adc2490660,sql
sql/004_load_institutions_stage.sql,1210,370464caaf4b90ca7994c73976fab6e588cf8d9917cdd561f166f2af82be0401,sql
sql/005_load_history_stage.sql,2438,f2ea1ef8dfe3c0d682c950f99a0e26209b9338bd042698a313553d6f77bc5df0,sql
sql/006_load_failures_stage.sql,816,d236ee7385bebf4adb4f4132ff109d95e030d16704b322ca17ac7b2270c086ed,sql
sql/007_standardize_identifiers.sql,642,8f10e32482522770af1d01d5c67f13031e4e6a4a9ba70b7817ae98f090484967,sql
sql/008_build_institution_dimension.sql,1000,edddf16607d3a82b705490ddff49ae7468d899fc5275ef406677f29199f386c9,sql
sql/009_build_bank_quarter_fact.sql,3702,af17c754a2de832a1966667d98be079e54e9e51cb2580ecfb629c4d0a6a65216,sql
sql/010_build_history_events.sql,2800,bf873c9ec21ef31b2513698b8ce4b2844ce2687df1ff57d52aceac138b481e41,sql
sql/011_build_failure_reference.sql,2601,ef419eb26b0d7018d2463106eef0b60e619d7d4a761c9e4f3b54cad423f1ed11,sql
sql/012_build_source_lineage.sql,1493,a4aef44d113546a89a5dfdf470a3070051cc9c4e70f3792fa1ea9bbd0c391226,sql
sql/013_run_data_quality_controls.sql,25258,79800af9b83289626b87cebce0fff26750c4d9896125a6b9c7e96898e25da885,sql
sql/014_build_reconciliation_views.sql,6964,670b36b50239f1abe65f0ad1ceec10115ea543aaf1ca4a2fba832f81669b1a15,sql
sql/015_create_public_views.sql,2335,49628f98ac4e47e3f02e722c9701ccc6f82597353b27957b63723c4a4c7a56fd,sql
sql/phase3/001_create_feature_tables.sql,799,efe843f51772c328969c6e268017e7e17584652b7ed63f73400b515923b88205,sql
sql/phase3/002_build_base_financial_measures.sql,1478,dd49f474126c9888a907e7eafed96425211d46be8b8480b8a477121469321867,sql
sql/phase3/003_build_capital_features.sql,2092,283194275fd82fb68aeddbb55ccbb6ecb84b206c710f7db07fc8b0af78089d25,sql
sql/phase3/004_build_asset_quality_features.sql,2832,9ba001d37495ef35b84b00c50da581fac0415231f27a51624f6132b205219e50,sql
sql/phase3/005_build_earnings_features.sql,3136,f66a1314a404fdb372db09e8748df7da253b0c18ef8ec5f323b246d1c17a57cb,sql
sql/phase3/006_build_liquidity_funding_features.sql,3163,2b3e48935dd9d48af7a8d15a30cc48d083d8085e50645ba7fc5fb32bc337bb8f,sql
sql/phase3/007_build_concentration_features.sql,3979,b0b7f8b489ec3bc0fa53e9d7a3de0bf8c583548e8b1bec1fa56da747b04d002c,sql
sql/phase3/008_build_growth_features.sql,2815,dd2995c1af3f7622d307d75218dc131f76dafab6d05f9a1f6a1b8b3dd9b7bb8a,sql
sql/phase3/009_build_temporal_features.sql,1660,43504df423bad6b8e0a40b57d96b47ba36c1716d59530408a261d201ccc3f766,sql
sql/phase3/010_build_peer_groups.sql,2798,2fdce93579c9a51f39dc8c5ff73b3862c2e17544cb2934528260a1e46d9b2329,sql
sql/phase3/011_build_peer_benchmarks.sql,4671,f70e10ef54fd9d5a5d8aef1955dcb3001961d282036063121d99da89f58b27b4,sql
sql/phase3/012_build_feature_quality_flags.sql,10258,ed27b73469330c9e8643c2d4cc407a1caceba98012aa73d48fa9346b2243a71c,sql
sql/phase3/013_run_feature_controls.sql,2587,13d85060af181f7c80a936c61c76becca0d049d86806582f37a4047f0ba91de7,sql
sql/phase3/014_create_reporting_views.sql,1807,a0c8caf0d8cc067cce3fdce940d4bb696f9390b47d4860865d167829ce53ded6,sql
sql/phase3/015_build_report_views.sql,1783,912a1b4befa7f31b30c34c1f658a7610ec931a7206dfe9c8a94bdd33adfac371,sql
sql/phase4/001_create_label_tables.sql,1102,5d0177d89a52c7dd0751d1f7b0c5640fad0a580c773bcc5396ac1a4681a785ae,sql
sql/phase4/002_validate_failure_events.sql,2278,4fa47b635f8bf2664b144d23adc3e0286e746a505b5ab2944f1e7d466b172363,sql
sql/phase4/003_validate_assistance_events.sql,1249,32aa3d3bac24f47e5b5c2c62fc9f704f970671b9e306c732f918016f72cbf9b1,sql
sql/phase4/004_validate_nonfailure_exits.sql,1548,f7ac2f55c0f6b865f77637e2016c99f50d37900c74a685e7b16998c3469d0319,sql
sql/phase4/005_build_label_eligibility.sql,3061,cc65dea5c49b32ab3d66e4cd5f0bc7f274a75dec75443f31877d308571cb8d94,sql
sql/phase4/006_build_failure_labels.sql,3275,622c0823140657d621b53489b6afef83c120cc652f8ddc71a9b3080d48630f34,sql
sql/phase4/007_build_distress_events.sql,3536,226fa3216f655a07c16e7f2d4615242c648e7a562da126a28d4549d50f30b8a5,sql
sql/phase4/008_build_distress_labels.sql,3415,cfe11fbb388368a16c1d8dcca8a6538680c83e10be89fedb5964a5ec904302a5,sql
sql/phase4/009_run_label_quality_controls.sql,6052,fd209599c7ec2770575b2597eece466060f7cbe320223cccd00a68949f1fdcc3,sql
sql/phase4/010_create_label_reporting_views.sql,3930,b939c0c66bb73a19c09d5c5f2cbb184e5760d29c6fb2d83ecfcb8a2dfad40a6a,sql
sql/phase4/011_build_report_views.sql,10209,fcecb2108ce35494e7ea3f5b065b1fda564629387f9f8d2174fcb1a1b488026f,sql
src/dashboard/__init__.py,47,1a7051f84d18f1a009bb33b517968a9085eb86f0af70aa32fd1486d1cf838493,src
src/dashboard/app_pages.py,23520,6ed25b035d77d0473fc3e2403685af2895ef926542f83405e1fa5ce30b711c48,src
src/dashboard/builder.py,39408,b464ab4beee8705fbfcd659f16dfb6a96ac4f0665179e0fb427a1bfa14aaa85f,src
src/dashboard/charts.py,3897,e207c17f2d8580068d80a81ddede85f085507aaae05b5aefadf86e68391e9616,src
src/dashboard/config.py,1320,43aedbf4a9a2a206057984c53fff758bd00969a8ac9171a49b1120de893688f6,src
src/dashboard/data_access.py,1843,4e3205a0f27908a1e9cb1b81d1c22087fdfc97bca4c3354c3996ffe15363b7c9,src
src/dashboard/explanations.py,4655,b3ecf10967ed4a20c738aed3aa70563f8a52fd587accb6126c723d8d917a299b,src
src/dashboard/filters.py,382,cd092f96f813ac5c4b1d768bbc7a18b34c65163406b648384f1c7a93f746bcfd,src
src/dashboard/formatting.py,547,21fff1f5ac81021d5743564b2b020154f610f90247f9994010d46ef0a0974fbb,src
src/dashboard/language.py,1914,88bedecc453019ca45a3175163c1c61493843e45c5bda2e47e943d30939f4129,src
src/dashboard/manifest.py,729,3fbe5361d77b23ff9c83b86580134813fb66f60898c5d01273246d36fd26913d,src
src/dashboard/rankings.py,3936,69a05512359e92ddfffe62662c7fa0c7de1a9454ee45f2804859ac484656fa0f,src
src/dashboard/validation.py,2049,82ee0279361c4ef1ce3af92bfca4093494f895db3a31ad15fce57888817e1308,src
src/database/__init__.py,81,89463c23d8cccae1a16ee8e5464ec3470604971a03bdc7d9380be33c23771b4d,src
src/database/builder.py,13960,2eb7c367ce83425a776a04ada2012180b440b8a21869ff72f7fa6477d4e58a4d,src
src/database/manifest.py,1882,dd11fe395b2b1750023a4a0b1092c259a5551e54ff16e8b0f2f39dc382e37478,src
src/database/reporting.py,2075,5bab96ecffecda99779b33a3d53bc02a4eac4f3871ec5534fa4a78653e58736d,src
src/database/sql_runner.py,2728,49fa925b256d7ee41f2a89f74a90876341d832192601303d5fc4ba5aade13461,src
src/database/validator.py,3257,edcb9e2106a1c231416a3b1d702f73985f4e7f98f2fa1ce17bfec91ac02a4dd6,src
src/features/__init__.py,61,6cb4af606b2b81490bf20f310607d84d93c059429389fcdf23df96544f628264,src
src/features/builder.py,8456,742e5219097c39e2981e7ccf2f3f3b20d889c0439a52a17d7d312dcd79821190,src
src/features/manifest.py,1801,af37341b2efbe27679b8265f66a9e873297092b356087fbce4abc5ec4d3a5dc2,src
src/features/reporting.py,6961,7243924124460c9f8159f01f8094e7ed555a7da81375dc339ff30dd73f4eaded,src
src/features/validator.py,2599,d2c043233490ce19d8b0d63b4a1957ad07946ac78835023ba7791ee2a88a2482,src
src/ingestion/__init__.py,209,e1081682b413117351e5745a42a585621b83122b6af39f168236c41726405fe9,src
src/ingestion/checkpoint.py,2029,2e765b90391fab32590cb7ac1dc5af2f848e2c60fdbdda9227ecc9d89e2983f6,src
src/ingestion/downloader.py,7687,5bd958fd4c1e8e53bfc8285c4283cf71439951c71b9f22ee59ecd93500c84ca2,src
src/ingestion/fdic_client.py,9251,25ee448eab6e61df76c74d58f71777733b5a4e0b92592af3cff28b4893fcb3dc,src
src/ingestion/full_history.py,18724,a8db63429fc7af94204d7cde43439dd7d677b235ae45345603ea91dfb201ee6a,src
src/ingestion/manifest.py,1867,1a31c0da480d1a8c6036e27de0790ecac0234386385a71dad08f995015d97612,src
src/ingestion/schema.py,4632,4169ee0725e30bb2b6714c3c29a7bd2bb9a48905d16a3acb2a1f3c1ec08014c7,src
src/labels/__init__.py,56,24aeb5a677d16d8866657e3e0c81db4d15ec094b22d7f6c380cd7a9b09fd618c,src
src/labels/builder.py,8378,fb4dc3f893d6a4e7c92e2a4f3da8f021ee226a5f0f5b8e97c53570954a25ef48,src
src/labels/censoring.py,623,8ed287c33ca8526afdd427fbb06a84e5201f30661b7c187507415ca49429a7f4,src
src/labels/event_validator.py,473,a9b253cdef664b91c5f1ace990d711c940cfb9217db3b3359dd5bfd8085b4874,src
src/labels/manifest.py,1713,0596a57c966bf3923f5383d8e6f415978fbf009e3937d4f518f08b6293352bc5,src
src/labels/reporting.py,2260,887f46a38b083e01b6946a0db7f9b76343fd71a9727d86c4ff0fc83fc88eb40b,src
src/labels/validator.py,3044,4484ad03f14d2d8618de778173612dfb7e8938b3c75f674bd4578314e57f6b3f,src
src/models/__init__.py,52,2e7a680f5f9978c8e89483c2911fdd623502cfca905820318eab8b2d62c8ab72,src
src/models/baselines.py,1384,0e12aee008d295630651ea8ef21fa41d97fee34fb669e293f958e39e9cadea2b,src
src/models/calibration.py,1609,909cf3ff1ac183a4e8a6c9b3b6b4e0f6513dfa9c0398e33edac8f5f0404b1994,src
src/models/config.py,1843,b3b6fbecf75f15ec8498808c24e0f61a3561051cedfabf9784f0acce03565be5,src
src/models/dataset.py,14334,289f44bf378d1b27b92a9b0df74fbc718ba663b5e5f5ca30e2235ed3a20ecbd5,src
src/models/evaluator.py,4311,c1bd23084422d3789d6a53b3700a069437d74ec08d6fa15c3058926338cfded3,src
src/models/event_metrics.py,1828,f4f45b1c60cdff9deb448d3363f07a2be874c56bbfbd20b8733536acceccc795,src
src/models/interpretability.py,1276,9a8b9e880822d943bd242bda14ff6c5b8818a0273e32a4834220cfad44b868b8,src
src/models/logistic.py,1224,14588e53feaf94cf029ede27223008557f6c3181176819911ac905c4a3449d65,src
src/models/manifest.py,755,7c0c9d2b7e8431803d68257ebb0a53b894beffd8a3d0e2106f05e12438faf1e2,src
src/models/preprocessing.py,782,e99b290e68ef806135d21eb7259cd0917fa4a6338ead81f90065d1c4fb5998b4,src
src/models/registry.py,1044,856392839c79a23adced54f33b7e1f3050a341aaa578e24eeba099da65f67653,src
src/models/thresholds.py,1592,0464ae543ce470693cd3cc81a9f7ca86999cb3709efd6d58b8b7a499182f6724,src
src/models/time_splits.py,1524,76de2f79a259c82ab9345db45339b768be65ad4bdc8cda6442681ff8568c7145,src
src/models/trainer.py,23867,cc2c66cdc9f555e99987ecf647d28493a1dace0a8f14e10795d723b2795a3f09,src
src/models/tree_models.py,1374,75b2a092c7e77127f073f63bd6fefd5c0ee0d4b307cbf97aeed65547a5cb383a,src
src/models/uncertainty.py,2256,a08977c6d9fe3664efd2509f6cbbd6b7bfd9e3a5b6e629f5cedaccc80c65041e,src
src/public_release/__init__.py,43,003baf80f4ca13d4c424109a8fa7278b79f7fdcbe92488b5445216c8e9729aee,src
src/public_release/audit.py,13132,e76813a3df8b3c9a46faa35ccc8ce65a4a0d6e57ed9423ebc025254ac1b55c2b,src
src/public_release/demo_data.py,23892,1e3dd2e39cf407d5670777ad2dd7bf9f154c5f6a9a1be19e914984fe974405b5,src
src/public_release/validation.py,5016,10f55930947641b440d86d456e9dd825b6a3321c52672c7e136cc068e0869a4c,src
tests/public_release/__init__.py,39,8075d5d1708af82aede656db92ed51bbc9819317bdf316abf94609d304ac1296,tests
tests/public_release/test_public_release.py,8393,7cafa3eb47084558df57e14bfd84cba9d4002c4ec0729cf4364701b5ab3ab286,tests
THIRD_PARTY_NOTICES.md,1158,d58cc9d469094bd2b9f2dd9f6ccf86f5ea62626c10921b35b35289429fe59f32,THIRD_PARTY_NOTICES.md
